HDR_ng,sgRNA_ng,ratio,skew_sigma,mapping_rate,reads_total,cells_transfected,library_size,dropout_mean,p10_reads_mean,hdr_rate_mean,reads_usable_mean
981.0279638132732,132.87015737875953,7.383358183408754,0.6757672033430392,0.4746892497177993,1000000,200000,2000,0.44654166666666667,0.0,0.010000039114745705,474689.0
481.05910156786456,89.43064433664426,5.379130443889134,0.18166652964000482,0.5186640332142973,1000000,200000,2000,0.37037499999999995,0.0,0.010076733009661719,518664.0
1326.2174012176984,395.8784473400376,3.3500621469260015,0.3889289769899824,0.6307934145012299,1000000,200000,2000,0.0002916666666666667,144.90833333333333,0.14190641283883473,630793.0
214.7365519523884,1466.8631126023727,0.1463916776606528,1.2752281275025348,0.5137907391944045,1000000,200000,2000,0.3625,0.0,0.025824283178300822,513790.0
204.65560028116215,613.8528667412227,0.3333952016345918,0.8048110080133667,0.5339442098774457,1000000,200000,2000,0.19758333333333333,0.0,0.027042392862304254,533944.0
257.78480361576976,998.3780956951375,0.2582035851220101,1.2546680759858981,0.4275119419918264,1000000,200000,2000,0.284875,0.0,0.03492993448294375,427511.0
466.3785042318762,994.3749936263914,0.46901672630668034,0.12203821779436275,0.45212247443308806,1000000,200000,2000,0.0003333333333333333,124.23333333333333,0.08793498831205966,452122.0
1236.8105067833526,291.7986778444622,4.238574745847927,0.2801880309941553,0.5366181213361643,1000000,200000,2000,0.06683333333333334,81.33333333333333,0.030123560314837972,536618.0
1432.4256938476867,1120.7768777881365,1.278064994233814,1.2916573370653146,0.4250421749297043,1000000,200000,2000,0.021125,14.583333333333334,0.3881754039397504,425042.0
1110.518255091255,222.50587013628345,4.990961606590736,0.4536123952004961,0.6503885637698456,1000000,200000,2000,0.34404166666666663,0.0,0.011987023668918075,650388.0
1514.349933174944,229.17716132977648,6.60776983355622,0.32538373713709867,0.47210742556900254,1000000,200000,2000,0.38225000000000003,0.0,0.010004808435114794,472107.0
1840.0940657842489,1060.127300348312,1.7357293460697347,1.0708603327094193,0.43455782673906695,1000000,200000,2000,0.0034999999999999996,27.833333333333332,0.5012393769510609,434557.0
560.3341175993869,801.1731194183511,0.6993920589924278,1.25863988360504,0.6764821895636648,1000000,200000,2000,0.082,20.816666666666666,0.1336455501102394,676482.0
1005.8319465044545,143.9524714322988,6.987250281267312,1.0807153601900286,0.5102351750086799,1000000,200000,2000,0.5335833333333334,0.0,0.010000351657527048,510235.0
1387.419747836597,1425.6980178744764,0.9731512076484843,1.1498776540359543,0.5879587256742524,1000000,200000,2000,0.015666666666666672,28.975000000000005,0.30514919384400013,587958.0
708.1939851340961,627.3103374006372,1.1289372148219547,1.0300204955694299,0.44282058538569496,1000000,200000,2000,0.014958333333333332,28.399999999999995,0.22927876520275572,442820.0
575.9984073626115,819.8075281977577,0.702601998092004,1.2099900205798062,0.5561106818945856,1000000,200000,2000,0.06695833333333333,18.75,0.13789383882289677,556110.0
536.6153778413083,1266.5184339797229,0.4236933023983917,0.29786279683302647,0.6406929183515275,1000000,200000,2000,0.0010416666666666667,152.04999999999998,0.09633131136519989,640692.0
1091.0169019972514,253.24901520633628,4.308079544192258,1.0490070041021238,0.6615524640861948,1000000,200000,2000,0.3019583333333333,0.0,0.024140251956598278,661552.0
261.1924382191848,771.6602246845212,0.33848114735467727,1.0579188445160188,0.41158929852483217,1000000,200000,2000,0.20683333333333334,0.0,0.0376342519027605,411589.0
1122.7766217351164,376.1113628620038,2.9852238794153796,0.863822264505627,0.661356215199487,1000000,200000,2000,0.007583333333333334,63.56666666666666,0.19520868333302102,661356.0
588.9625192228514,80.41437427827348,7.324095032869993,0.34155269022269286,0.6216901571249923,1000000,200000,2000,0.389375,0.0,0.010000016076092789,621690.0
197.45229999841348,306.52023198287145,0.6441737914691623,0.796509056548363,0.6251126638244917,1000000,200000,2000,0.20062500000000003,0.0,0.026215520244447354,625112.0
1205.4097826241473,1090.4316010507632,1.1054428186624348,0.9262945948957245,0.642067520722855,1000000,200000,2000,0.0026666666666666666,55.824999999999996,0.3236516759928719,642067.0
1298.9718568186427,757.4412417263358,1.7149473586334798,1.1203951080429757,0.6405169173942011,1000000,200000,2000,0.0068333333333333345,35.475,0.43649983390180735,640516.0
876.5760442483175,439.02411522882784,1.9966466848670241,0.7297992483917521,0.6900258594649042,1000000,200000,2000,0.0005000000000000001,93.89166666666665,0.31346086552954316,690025.0
1371.3140288864233,507.93101378810655,2.699803697079411,0.6615673322771274,0.4379686002971463,1000000,200000,2000,8.333333333333333e-05,68.23333333333333,0.312231135790821,437968.0
385.9407559112246,152.16211868122514,2.5363786943566313,1.3834935496816527,0.46279347518769265,1000000,200000,2000,0.26887500000000003,0.0,0.04903432278332786,462793.0
1794.8422474307042,792.1139158998415,2.2658890487888517,1.468934090078862,0.6326298824020716,1000000,200000,2000,0.03462500000000001,12.733333333333334,0.47219785272384907,632629.0
449.4384452693139,1490.9729314444244,0.30143970811992343,0.5843040489709788,0.6893540583757982,1000000,200000,2000,0.02070833333333333,93.40000000000002,0.06988660503655164,689354.0
206.5420721300689,691.3967531264889,0.2987316200084652,0.6002589504460468,0.483582339563283,1000000,200000,2000,0.14683333333333334,0.0,0.027025416201786445,483582.0
316.3515079907214,654.490689194924,0.4833552458627931,1.338969792721615,0.5159667765196023,1000000,200000,2000,0.22825000000000004,0.0,0.05412850507622572,515966.0
1604.9449362570176,936.9417754651007,1.712961230125872,0.8778295978299658,0.6721697237379891,1000000,200000,2000,0.0009166666666666669,69.24166666666666,0.478106993690057,672169.0
1430.28133840912,1208.4313505894133,1.1835850979135052,1.1636678345276013,0.5026748615426219,1000000,200000,2000,0.012291666666666668,24.733333333333334,0.3648701854064837,502674.0
1929.849245131147,866.0689488516379,2.2282859207572634,0.18725895376902746,0.5621486798580482,1000000,200000,2000,0.0,197.3166666666667,0.49095705493557157,562148.0
1049.3612440332179,663.7478251491503,1.580963739952619,0.8727458532078535,0.5650190901432215,1000000,200000,2000,0.0010416666666666669,57.083333333333336,0.37571027098007176,565019.0
988.5804161568997,1028.4608005009243,0.9612232334721942,1.4013110540546463,0.6007984133559602,1000000,200000,2000,0.05320833333333334,13.158333333333333,0.26243480642876343,600798.0
521.708330387045,1149.9093716363461,0.45369517220704325,0.8122913929195003,0.44832724704490484,1000000,200000,2000,0.02783333333333333,40.15,0.0971121530856869,448327.0
491.4039151800578,1492.1311089134517,0.32933025271344357,0.8383973604694832,0.4016010853209272,1000000,200000,2000,0.043875,27.65833333333333,0.07901247344557923,401601.0
787.5912620338348,624.6131756179469,1.260926430593862,0.3148724037445322,0.43592283245637625,1000000,200000,2000,0.0,121.47500000000001,0.27003119789062724,435922.0
878.003251712685,1180.2868977992362,0.7438896876257888,0.21854169187916755,0.5413049566743431,1000000,200000,2000,0.0,166.475,0.20013369756989544,541304.0
612.601612157154,1425.290574698478,0.4298082250959603,1.4714702330901992,0.646886974953715,1000000,200000,2000,0.16308333333333333,0.0,0.10883928564834687,646886.0
1602.2750294497628,1492.5980512469118,1.0734805851523304,0.5207592891370799,0.6263635342044348,1000000,200000,2000,0.0,128.28333333333333,0.3464251349536915,626363.0
1428.4829407437126,420.0394597132875,3.4008303451270345,1.1127714747642097,0.4455781131691497,1000000,200000,2000,0.04766666666666666,18.158333333333335,0.14047824743121856,445578.0
1249.3752005865147,160.92662436290487,7.763632683732025,0.19347222890320315,0.631176725623404,1000000,200000,2000,0.37083333333333335,0.0,0.010000006950272493,631176.0
1130.159322340181,788.5869294903936,1.4331448824171114,1.0720698298886309,0.6312805596377347,1000000,200000,2000,0.0066250000000000015,39.975,0.3770645393598491,631280.0
1345.7118661947388,1195.4931353452396,1.1256541977600887,0.33340504463168225,0.4457515320125278,1000000,200000,2000,0.0,124.06666666666666,0.34278520715634736,445751.0
265.82674892689147,60.7572147053129,4.375229348748377,0.15300058586693674,0.4989056762020645,1000000,200000,2000,0.361125,0.0,0.010305079080130636,498905.0
1566.6773501313135,468.9742064574259,3.340647158328394,1.1991166872733598,0.4344614034067435,1000000,200000,2000,0.048916666666666664,14.816666666666668,0.16469139943496308,434461.0
710.667878249563,1104.6793558426984,0.6433250286527117,1.1512286984722166,0.6152522744984938,1000000,200000,2000,0.049499999999999995,22.733333333333334,0.15643084718278513,615252.0
732.5317797806082,788.2065540654374,0.9293652482364323,1.4439791999138156,0.4341213148237921,1000000,200000,2000,0.07858333333333332,8.0,0.20819303316137874,434121.0
617.814673032098,1286.666513646588,0.4801669014305246,0.6982731478282174,0.4135118610817712,1000000,200000,2000,0.009916666666666666,50.81666666666666,0.11653288577951963,413511.0
1197.3412059861698,504.94049417351835,2.371252097627793,1.1692950769596842,0.6490265856576377,1000000,200000,2000,0.013041666666666668,31.308333333333326,0.35659217136714466,649026.0
961.1930576449175,1407.3211404014517,0.6829948261636488,0.9164743335048972,0.6727873502982961,1000000,200000,2000,0.009458333333333334,57.041666666666664,0.19659617616841688,672787.0
155.93320630745143,915.7786100457055,0.17027391183516394,1.2941429950675891,0.5265321365793197,1000000,200000,2000,0.4362083333333333,0.0,0.01885566962756885,526532.0
1484.8191869974148,1134.7471548587898,1.3085022338585979,1.0835458198661847,0.47197173634176204,1000000,200000,2000,0.0055833333333333325,28.975000000000005,0.39996775367122644,471971.0
1969.6817903002454,1411.214910769588,1.3957348205923539,0.4679189806684755,0.563453054496851,1000000,200000,2000,0.0,128.8083333333333,0.45182173923577285,563453.0
1604.6210913341101,1406.4997466401448,1.14086127293463,0.42852185188685543,0.5905571603425948,1000000,200000,2000,0.0,142.48333333333332,0.36563575631125894,590557.0
1152.500671864855,548.7898999417141,2.1000763169789747,0.3955395140756329,0.47310037394576115,1000000,200000,2000,0.0,121.81666666666668,0.3903889920147499,473100.0
1345.557158514683,1178.2941928461646,1.1419534838447225,1.36289075308882,0.4042186646684361,1000000,200000,2000,0.034749999999999996,10.65,0.34692056816196587,404218.0
1338.2224751408448,990.8068374917148,1.3506391200616186,0.28887803816630775,0.528929471523973,1000000,200000,2000,0.0,160.5,0.3940970177120145,528929.0
413.27136512188645,151.39266191998928,2.7297978639169416,1.40163712926726,0.47007283063194816,1000000,200000,2000,0.27470833333333333,0.0,0.04724260108229463,470072.0
1165.473143821126,1050.081734394871,1.1098880264713407,0.8700341595999962,0.4690899885513197,1000000,200000,2000,0.002,47.975,0.32000002205835015,469089.0
1194.9936710543573,753.7753658464703,1.58534455382793,1.1007195475993932,0.45891727467933713,1000000,200000,2000,0.007333333333333334,26.14166666666667,0.4077347890163943,458917.0
965.9936997748815,971.6892541948031,0.9941385022059946,0.11865997769810313,0.45146545791641274,1000000,200000,2000,0.0,159.65833333333333,0.2661659497705354,451465.0
1396.9065160224718,194.25919337722704,7.190941606093536,1.4175429531777055,0.4786766444924657,1000000,200000,2000,0.6050416666666667,0.0,0.010000217632307141,478676.0
870.0761854743879,295.86434102294936,2.9407943602331534,0.5549995472773829,0.5958115668467989,1000000,200000,2000,0.0014583333333333334,103.13333333333334,0.15048400049648866,595811.0
1082.2583442026803,1025.8424304038917,1.0549947166608975,0.7173795383726214,0.6900256422817462,1000000,200000,2000,0.00045833333333333343,95.65833333333335,0.2965987698269518,690025.0
557.288759936102,1041.0284920445872,0.5353251752424019,1.4135021222488844,0.4090865234656184,1000000,200000,2000,0.14254166666666665,0.0,0.11325126342004006,409086.0
506.33452616811013,130.322140636464,3.885253293840066,0.5943154146580478,0.6275004972307929,1000000,200000,2000,0.24979166666666663,0.0,0.018020342346790754,627500.0
1136.9907670408672,794.3377860867122,1.431369358169687,0.3741288424581566,0.6267577680487526,1000000,200000,2000,0.0,164.8166666666667,0.3780866476151706,626757.0
1940.4432027695543,994.6656706241808,1.9508496775121145,0.25376031937646737,0.5346812472560677,1000000,200000,2000,0.0,173.40833333333333,0.5165206854962205,534681.0
143.77041193741232,75.72189893559239,1.8986635829048701,1.2565205137740985,0.44778126901340415,1000000,200000,2000,0.5150416666666667,0.0,0.012684718781945733,447781.0
1454.526822919958,1116.3243796807315,1.3029607248530686,0.7647364513147387,0.6457663056698368,1000000,200000,2000,0.00037500000000000006,83.06666666666666,0.39597319567143013,645766.0
214.12301633880674,794.2027825714555,0.2696074869512835,0.9083682752727837,0.5594519121491957,1000000,200000,2000,0.22854166666666673,0.0,0.027905542549305284,559451.0
1825.6754982989967,56.450595132902,32.34112047890367,0.9804663485320938,0.44599226992655244,1000000,200000,2000,0.504875,0.0,0.009999999999999998,445992.0
487.50721180769455,1492.2189221187127,0.3266995241660065,0.9889811114927142,0.5091643640958925,1000000,200000,2000,0.07858333333333332,27.65833333333333,0.07815348028989613,509164.0
539.4412561214069,194.85393566895436,2.7684391093741447,0.8788099077427785,0.5704815218156689,1000000,200000,2000,0.049958333333333334,36.5,0.08008695807810846,570481.0
1636.3406035430778,1341.7037788359607,1.2195990123563183,1.1284412650210305,0.5838650752776746,1000000,200000,2000,0.00875,31.491666666666664,0.3890098622657406,583865.0
1745.247651053348,604.9892261916262,2.884758232869014,0.23591545732502006,0.6701892734658875,1000000,200000,2000,0.0,214.5583333333333,0.30589002087746026,670189.0
1156.0613475584476,839.5478580604314,1.377004701351085,1.4531672482567395,0.640412016168682,1000000,200000,2000,0.04124999999999999,13.741666666666667,0.3730034596767197,640412.0
1623.2373875957362,491.0736499987381,3.3054866364748086,0.9397355157362298,0.6039610182530263,1000000,200000,2000,0.01466666666666667,46.725,0.17736570906354696,603961.0
201.36947415786648,651.4081906025847,0.3091294783560977,0.2748279802795828,0.5288904104929896,1000000,200000,2000,0.08870833333333332,77.64166666666667,0.02626477016354678,528890.0
1547.473158917644,519.9825015707949,2.976010066190579,0.5720983429708364,0.6316673955647444,1000000,200000,2000,0.00016666666666666666,114.80000000000001,0.2589357893622206,631667.0
1269.3478449315407,1117.6569406945082,1.1357222406213237,0.19301802487097247,0.5044451888833179,1000000,200000,2000,0.0,170.64166666666668,0.3379380093154351,504445.0
1999.3403316506622,416.82873036820035,4.796551163554802,0.53193845162279,0.6756824040789775,1000000,200000,2000,0.2457083333333333,0.0,0.017328114155818645,675682.0
785.3217573988646,942.3539325336966,0.8333617872081021,0.8600398419237056,0.5667790312565345,1000000,200000,2000,0.007083333333333334,54.40833333333333,0.20301528753591672,566779.0
106.72836257733132,1267.1442355708798,0.08422747748937007,0.5095299100226656,0.5006782215877833,1000000,200000,2000,0.3072916666666667,0.0,0.01388566625438342,500678.0
884.3805375973584,531.0029539122063,1.6654908058074156,1.2968179417573298,0.46888179161906374,1000000,200000,2000,0.029875,14.4,0.3304728342185129,468881.0
681.9611696076897,483.22783832534634,1.4112621739075817,0.25018933914466346,0.6990571847427343,1000000,200000,2000,0.0,214.71666666666667,0.24290218336787597,699057.0
1540.7058256845125,1291.2857664547557,1.1931563606672002,1.415710653836772,0.6097060899779922,1000000,200000,2000,0.03833333333333333,13.4,0.37573983384195336,609706.0
351.8032254067566,268.93165996794164,1.308151020406797,1.2245713392127422,0.472057857026091,1000000,200000,2000,0.13041666666666665,0.0,0.07851951821010351,472057.0
858.7168796170057,172.65101111872832,4.973714744285424,1.197048158067488,0.4347565950449237,1000000,200000,2000,0.5292499999999999,0.0,0.011317297116107529,434756.0
1134.9275606695232,1313.1603468126723,0.8642718792295556,0.6757748600178092,0.5621168911339123,1000000,200000,2000,0.0003333333333333333,83.55833333333332,0.25639176240376177,562116.0
720.5034808834955,196.35283563415817,3.669432522104888,0.7103272191903699,0.5850477779181724,1000000,200000,2000,0.09904166666666668,24.975000000000005,0.03964312278934877,585047.0
1940.909178494591,1152.099085685064,1.6846720934080794,0.16142901425619602,0.45329873744161886,1000000,200000,2000,0.0,164.8166666666667,0.5030186898059285,453298.0
1933.0064912890587,94.10579031667407,20.54078165418223,0.10829073224578419,0.45034547384408685,1000000,200000,2000,0.375875,0.0,0.009999999999999998,450345.0
291.72177745172553,1067.829300888478,0.2731913960489762,0.8116846099031219,0.4917250871347935,1000000,200000,2000,0.12220833333333335,0.0,0.0412691293126679,491725.0
1921.1196658582414,1417.858031614806,1.3549450107288021,0.23226348429685498,0.5582892675666752,1000000,200000,2000,0.0,183.66666666666666,0.43954932561768184,558289.0
204.60638313386363,798.4854646282736,0.2562430904476338,1.2702072913861115,0.5309600085876806,1000000,200000,2000,0.3485833333333333,0.0,0.026213881128096056,530960.0
1698.7619848773243,1303.8801101428899,1.3028513677466558,0.6033158346153185,0.5368120456454049,1000000,200000,2000,0.0,95.95833333333336,0.4144174903507059,536812.0
1982.1319119982804,1087.0157241999777,1.8234620418734886,1.0217328080861943,0.5326717357032777,1000000,200000,2000,0.002166666666666667,38.65,0.5174732654864399,532671.0
278.757618349967,829.4975306601079,0.3360559954025828,0.5275576761848338,0.6008490124900968,1000000,200000,2000,0.05870833333333334,69.075,0.04098969995131407,600849.0
422.66307827242844,376.94240598657467,1.1212935227231562,0.7641422531296822,0.48614705636097777,1000000,200000,2000,0.015416666666666667,48.458333333333336,0.11232478050764787,486147.0
378.10237194476457,395.8741411502652,0.9551075269683885,0.16094171092204151,0.4248289302848924,1000000,200000,2000,0.00037500000000000006,113.72500000000001,0.08898704427336811,424828.0
1692.7704428817149,946.1464313848816,1.7891209930412084,1.082899948440731,0.49938002018422345,1000000,200000,2000,0.003833333333333334,31.325,0.4922399222269751,499380.0
1038.4116480544667,613.1633291801658,1.693531883980867,0.6563685000383183,0.5666557393950326,1000000,200000,2000,8.333333333333333e-05,90.075,0.3787188709126063,566655.0
343.1472880412381,754.4522837764845,0.4548296763362964,1.1316717811021253,0.49869227518265935,1000000,200000,2000,0.148,0.0,0.059437639491557136,498692.0
359.78465084993974,94.2866047738487,3.8158617728669078,0.8293215696425839,0.633336290880242,1000000,200000,2000,0.38766666666666666,0.0,0.013479564597819106,633336.0
1058.7935904184246,1266.0886013707104,0.836271323564669,0.9291627760870732,0.6147342235038075,1000000,200000,2000,0.007208333333333333,52.06666666666666,0.2420730791426449,614734.0
1529.4433368636426,1104.8625600910675,1.384283794300695,0.9666647866579837,0.6033155921407239,1000000,200000,2000,0.002333333333333333,50.574999999999996,0.42071253664505304,603315.0
1801.7170395149808,265.57362359852095,6.784246925962473,0.85860686903481,0.42699125186245795,1000000,200000,2000,0.48025000000000007,0.0,0.010002577264853823,426991.0
245.676734611176,602.7381447475861,0.407601106304729,1.3193477271627845,0.5576849802456381,1000000,200000,2000,0.29716666666666663,0.0,0.03588027197543241,557684.0
342.72226261231623,826.7088796369641,0.4145622129555657,0.6525518236051625,0.6030612813223974,1000000,200000,2000,0.04283333333333333,55.24166666666667,0.05742184972651077,603061.0
639.9101836520105,1026.9042895412254,0.6231449124999697,0.7733412946784727,0.5262469207709719,1000000,200000,2000,0.010583333333333333,57.4,0.14081706987443351,526246.0
687.5251957282516,936.9465245284983,0.7337934212139122,1.3633022950237292,0.45786942700728195,1000000,200000,2000,0.08229166666666667,10.65,0.16701536596005076,457869.0
1121.6497079389535,327.96461785959264,3.4200326707777706,1.1109280489313114,0.45625713126974476,1000000,200000,2000,0.0675,19.25,0.10777195715445194,456257.0
668.2315050304604,525.405471137778,1.271839639551886,1.335175277361334,0.6520660636166076,1000000,200000,2000,0.055000000000000014,15.991666666666667,0.2288146609867173,652066.0
194.26440587220057,428.06232365650294,0.45382271490935355,1.0472532670750307,0.5581561660414709,1000000,200000,2000,0.2820833333333333,0.0,0.025703196664966066,558156.0
1901.9482871063985,540.2407631203544,3.5205567904965442,0.4396759488226373,0.4629328119279701,1000000,200000,2000,0.00025,97.3,0.1427502484843882,462932.0
1839.026379002327,619.4331851698134,2.968885786282455,0.8518435087129059,0.4929050066501802,1000000,200000,2000,0.001958333333333333,50.416666666666664,0.28830632485078167,492905.0
1564.496024192966,848.3148323808992,1.8442398558587225,1.3353028202210855,0.6105201892483483,1000000,200000,2000,0.01995833333333333,19.408333333333335,0.48007877249839903,610520.0
204.4141811107748,128.38804295429168,1.592159023590302,0.5536861773934163,0.5615525157708732,1000000,200000,2000,0.18341666666666667,0.0,0.022035349730735423,561552.0
730.8518868480527,1338.7516427191795,0.5459204407500088,0.7079240264044223,0.4937788363540548,1000000,200000,2000,0.0061666666666666675,60.98333333333333,0.14295703527640563,493778.0
1857.555965468006,337.7567072805143,5.499686387945703,1.4975363007901796,0.527232729151619,1000000,200000,2000,0.6119166666666668,0.0,0.01067344962643268,527232.0
281.82242127603394,991.6349068404259,0.2841997789024836,0.29404183387391836,0.5270555450418832,1000000,200000,2000,0.030416666666666665,70.99166666666666,0.03990469344641739,527055.0
1976.0750645565163,1059.8438482828321,1.8644964234666923,0.347226751013332,0.6185484479980471,1000000,200000,2000,0.0,174.71666666666667,0.5186754210268284,618548.0
467.63536674860967,1399.3854647177855,0.33417194800070177,1.3000845159125154,0.5014098616453935,1000000,200000,2000,0.15737500000000001,0.0,0.07571934062760753,501409.0
1528.2561390027092,1157.2546580825715,1.3205875891956587,0.4967449334113463,0.5233451336584931,1000000,200000,2000,0.0,113.14166666666667,0.4064663445781163,523345.0
1268.3231831389546,1129.5442448087445,1.1228627731653915,0.1018338435458873,0.5209309586305297,1000000,200000,2000,0.0,191.41666666666666,0.3346730817271611,520930.0
665.34874441124,124.07380462561729,5.3625239140435506,0.7396327823702801,0.6342107691508937,1000000,200000,2000,0.4465000000000001,0.0,0.010193092599140433,634210.0
817.342927678888,558.2833980416929,1.464028718292369,1.1142840948500206,0.5380720041420453,1000000,200000,2000,0.013750000000000004,28.96666666666667,0.29856558691537477,538072.0
754.3648516732808,1466.8661266480149,0.5142697332558257,1.470114833841731,0.44675865200060877,1000000,200000,2000,0.12425000000000001,0.0,0.14048795256914645,446758.0
1526.533160739344,418.6124332717315,3.6466503128167584,0.81983260737719,0.5545650035339456,1000000,200000,2000,0.025750000000000006,50.24166666666667,0.10074013439360723,554565.0
955.2998549971322,1052.4112904817985,0.9077248254907944,0.8187437506088058,0.601095892023447,1000000,200000,2000,0.0026666666666666666,66.21666666666665,0.24588558938652005,601095.0
1514.6475804016802,488.3363014209067,3.1016485483354956,0.9752082762607096,0.41797911698479484,1000000,200000,2000,0.011416666666666667,29.825,0.22053977388535584,417979.0
843.0503856343597,788.7525032363975,1.0688402029472717,1.1829352329706178,0.626724696712386,1000000,200000,2000,0.023208333333333334,27.316666666666666,0.25717154208513465,626724.0
1567.8281407697007,222.8502750919219,7.035343080115107,0.5114691264792016,0.6749670732847143,1000000,200000,2000,0.41229166666666667,0.0,0.010000594340266693,674967.0
1931.9448361434384,954.5907718235092,2.0238461267050973,0.18167557021519165,0.5269896783289645,1000000,200000,2000,0.0,186.5583333333333,0.5131142865459317,526989.0
1862.0142289910953,685.5177474809453,2.716215934355298,1.2050051108051267,0.6894218228311813,1000000,200000,2000,0.014125000000000004,31.075,0.3673758754286947,689421.0
720.4776767455835,1213.0153537750025,0.5939559416980159,0.3100264826947362,0.46330621916431525,1000000,200000,2000,0.0,120.73333333333335,0.1496504323961072,463306.0
1592.7307375248627,820.4752762617494,1.9412294113012944,0.4579180946843948,0.4892410909605298,1000000,200000,2000,0.0,114.14166666666667,0.48291869297008966,489241.0
1597.1969887543373,323.92508130634275,4.93076047804966,1.1341600492835298,0.6114182748739354,1000000,200000,2000,0.46183333333333326,0.0,0.013945580471752789,611418.0
314.768405209732,152.7233931751412,2.061035959623813,0.5370588710995781,0.43804346287272816,1000000,200000,2000,0.04833333333333334,48.81666666666666,0.04440241892710417,438043.0
1081.1798398456408,745.4508673965747,1.4503703558915582,0.33407509615420095,0.4852308145840352,1000000,200000,2000,0.0,136.07500000000002,0.36965948774363605,485230.0
1110.781323171178,655.435261301111,1.694723169098585,0.2473770526294234,0.41158768699812454,1000000,200000,2000,0.0,130.75,0.39715155608693503,411587.0
806.6956842646631,1404.086015672649,0.5745343769969842,1.4755959624046466,0.6149716064798992,1000000,200000,2000,0.12004166666666667,0.0,0.15758546795190734,614971.0
1455.1436267774745,1306.143783189472,1.1140761419268557,0.3237796423915129,0.6898933621015941,1000000,200000,2000,0.0,195.80833333333337,0.34855297276553626,689893.0
1419.1714077328518,1131.5318012080854,1.2542037318064472,0.23707078404530577,0.6110327942308689,1000000,200000,2000,0.0,197.72500000000002,0.3813246558600066,611032.0
1844.8946174904586,60.43454570363518,30.52715290585012,1.4785034405197524,0.4349608264885034,1000000,200000,2000,0.6308333333333332,0.0,0.009999999999999998,434960.0
1225.8510818236218,1215.130227157826,1.0088228030429889,0.9023190440045026,0.5423609624263641,1000000,200000,2000,0.0030833333333333338,51.333333333333336,0.3017349514583173,542360.0
1011.4582105829923,1445.9881104235765,0.6994927574381671,0.4134937092048132,0.5982887946243922,1000000,200000,2000,4.1666666666666665e-05,139.15833333333333,0.20513505645105715,598288.0
1223.4203559991433,1263.3808744065038,0.9683701730674587,0.19759386988069524,0.6251988064169549,1000000,200000,2000,0.0,207.65,0.291090980873248,625198.0
1755.9615381872075,393.52449491948295,4.462140377173944,1.1170113066035545,0.591075390568667,1000000,200000,2000,0.30254166666666665,0.0,0.02665871515520724,591075.0
963.9553437215199,298.10525973131564,3.2336072989464846,1.4814303826707933,0.6427156771970564,1000000,200000,2000,0.15824999999999997,0.0,0.11792760847353083,642715.0
1752.2103294450683,993.0113766653644,1.764542049184948,1.153885616504983,0.6522829960246308,1000000,200000,2000,0.0075,33.74166666666667,0.4962766452615099,652282.0
550.5951714379294,969.9299902334819,0.5676648593012263,1.1338778648522265,0.5368765806571858,1000000,200000,2000,0.06466666666666666,21.65833333333333,0.11580241781929627,536876.0
569.0672789496818,368.8586279744575,1.542778820369869,0.49808467174483306,0.4296415646503021,1000000,200000,2000,0.00037500000000000006,85.40833333333335,0.1905086027752322,429641.0
816.5061976714243,755.1949228457285,1.081186026244274,0.999385233787305,0.47130018348116093,1000000,200000,2000,0.009916666666666666,32.824999999999996,0.2529944397764465,471300.0
1543.788514328699,1433.7769232032574,1.0767285268336306,1.1864037669097214,0.6855913633233481,1000000,200000,2000,0.016499999999999997,31.083333333333332,0.34405509571221055,685591.0
1947.8311366040439,923.0922445943198,2.110115373637524,0.7542477022557827,0.40804934956217753,1000000,200000,2000,0.00016666666666666666,53.333333333333336,0.5076213998626294,408049.0
1321.3526947123437,664.6547543688823,1.9880286510054739,1.2630313859232762,0.5481055405055772,1000000,200000,2000,0.013416666666666672,20.583333333333332,0.4387216972475532,548105.0
539.4743576309522,1119.6584003756993,0.4818204886864892,0.44697346555926487,0.5307201595015689,1000000,200000,2000,0.0020833333333333337,103.65833333333335,0.1035328252939194,530720.0
635.9864089205873,1399.1708234338523,0.4545452194034079,0.9353513920389857,0.408605256225303,1000000,200000,2000,0.03316666666666667,27.55,0.11560650574750504,408605.0
1760.2650205474877,409.2728886053195,4.3009568177016275,1.2911326726606327,0.6728124720511168,1000000,200000,2000,0.302,0.0,0.035161132161774133,672812.0
1876.2648966653392,1279.255284234522,1.4666852814980198,1.1787791379381367,0.5216410769786433,1000000,200000,2000,0.009916666666666667,25.241666666666664,0.4629431351608579,521641.0
951.5601046027674,1430.1754760218143,0.6653450017543535,1.3507013933829968,0.47898019014046944,1000000,200000,2000,0.06783333333333334,11.908333333333333,0.19174431833366992,478980.0
1907.4945683144904,273.17953564155994,6.9825675771604,0.2588518202405228,0.4747978962919932,1000000,200000,2000,0.3831250000000001,0.0,0.010001017406900637,474797.0
762.9444525694087,996.7144840534673,0.7654593815739931,0.6995429068565779,0.5966509806101674,1000000,200000,2000,0.002166666666666667,81.63333333333333,0.18662625822761628,596650.0
559.8727196283694,811.2273215946514,0.690155157160896,1.3875526041829773,0.6422012346358059,1000000,200000,2000,0.11779166666666668,1.3333333333333333,0.1324454921237001,642201.0
1774.0289426916404,1388.4824534324355,1.27767472920245,1.027297728093939,0.6415575892534731,1000000,200000,2000,0.004208333333333334,46.550000000000004,0.412292857915925,641557.0
1500.2941122737675,500.8041366074123,2.995770207564939,0.7979574201116943,0.6963400639043051,1000000,200000,2000,0.0026250000000000006,79.95833333333333,0.24802771646763053,696340.0
1399.6475157656519,401.607954320709,3.485109049030304,1.2129641858311604,0.6954777658453279,1000000,200000,2000,0.07979166666666666,24.55,0.12147909346869963,695477.0
834.027479308058,210.9401528247456,3.9538583249296733,0.7466873743475565,0.5697126303756059,1000000,200000,2000,0.152625,0.0,0.03128831314904706,569712.0
430.21465435536675,1307.6080337926674,0.32900887975393167,0.7082423937747448,0.4203427392059647,1000000,200000,2000,0.037125,35.75,0.06902679776886557,420342.0
134.61872087152923,368.3408611195622,0.36547322081606487,1.0203809157344788,0.4982219621458268,1000000,200000,2000,0.39037499999999997,0.0,0.016303751170094714,498221.0
1415.3108827697708,353.65819253072976,4.001917423832315,0.572053774603443,0.43421503744421813,1000000,200000,2000,0.040583333333333325,44.9,0.05112428636279733,434215.0
1264.7455040723103,621.140859914029,2.0361653623098657,0.22463712280265655,0.4751733755747315,1000000,200000,2000,0.0,157.24166666666667,0.4234681600801653,475173.0
591.5271019290951,98.9129677731037,5.980278574655633,0.2608357658807408,0.5160981618568684,1000000,200000,2000,0.38037499999999996,0.0,0.010012245743839491,516098.0
668.5600713389782,1076.3175113429108,0.6211550627888812,0.9988360315499714,0.6846056159736662,1000000,200000,2000,0.028,44.30833333333334,0.14570015851555465,684605.0
810.379679235143,997.4472018895194,0.8124537095296833,1.1935936192754129,0.6584472590226014,1000000,200000,2000,0.03645833333333333,25.833333333333332,0.20360319969856422,658447.0
162.67149539702146,683.6231542172217,0.23795492354744394,0.6559568129378383,0.6938252228307875,1000000,200000,2000,0.2366666666666667,0.0,0.02002658224786455,693825.0
1822.8886289715747,1010.3619293215457,1.8041937013557485,0.5562928460866423,0.5413604368597874,1000000,200000,2000,0.0,106.95,0.5046853517043084,541360.0
922.7322604950624,786.3898698177468,1.1733776030315781,0.252639049298493,0.4716478333453899,1000000,200000,2000,0.0,144.8083333333333,0.2929167400975949,471647.0
812.0131883724891,1313.7659638330344,0.6180805491439016,1.2495704294587109,0.45909000956086277,1000000,200000,2000,0.06258333333333332,13.825000000000001,0.16648692982086705,459090.0
1412.134257316283,398.7675429209896,3.541246729792345,0.8519567120382369,0.4378817272275899,1000000,200000,2000,0.02279166666666667,37.9,0.11208216414650292,437881.0
530.3661344933796,491.7161185679413,1.0786022960524488,1.295418635561361,0.4867087422266736,1000000,200000,2000,0.07270833333333333,13.641666666666667,0.15889960980567833,486708.0
1592.379917529085,1389.1035098338243,1.146336400603853,0.3774566049260557,0.4748834623587472,1000000,200000,2000,0.0,123.81666666666668,0.3664289200483304,474883.0
1164.4990667158308,263.89592332080747,4.412720939611473,0.9429909723596172,0.4986346641125522,1000000,200000,2000,0.28654166666666664,0.0,0.021831163370986506,498634.0
1701.7967290512252,1407.900906379214,1.2087475200423312,0.8182069176944045,0.5235773818154933,1000000,200000,2000,0.0007916666666666668,60.55833333333333,0.38988941758623435,523577.0
603.717068262451,452.83102124197416,1.3332060745455192,0.5215245288129472,0.6680853529371491,1000000,200000,2000,0.0002916666666666667,129.05,0.20473160909512753,668085.0
473.45031738365765,1053.5820723680695,0.44937203261205216,0.3229009293342663,0.5860783544162189,1000000,200000,2000,0.0015000000000000002,131.64166666666668,0.0875361134580165,586078.0
275.97685319666334,809.3382699956153,0.34099073703528004,0.8450342460061061,0.6845091053649862,1000000,200000,2000,0.13062500000000002,0.0,0.040590934424594285,684509.0
588.4339159912985,310.4330530509629,1.8955259764001258,0.6192479036141467,0.4751072100036562,1000000,200000,2000,0.00125,75.325,0.18620109901043277,475107.0
402.5842741180669,291.37093278154015,1.3816898970492388,0.2041224215389083,0.42857203338844485,1000000,200000,2000,0.00016666666666666666,115.56666666666668,0.10304292438624647,428572.0
1206.1513902958807,1114.6614708808686,1.0820786595796763,0.1151705210013601,0.5188443891078289,1000000,200000,2000,0.0,188.24166666666667,0.31806798091604976,518844.0
600.5843046809591,1446.6369812936298,0.41515896002043107,1.1960332381710852,0.6620255008867459,1000000,200000,2000,0.08979166666666667,22.733333333333334,0.10516365020913349,662025.0
1897.7022632020587,491.33230169899366,3.8623600700380036,0.836017969616527,0.4692166382105384,1000000,200000,2000,0.04241666666666666,32.225,0.08094828643398179,469216.0
1829.7131486301446,479.3498857689436,3.81707225338133,0.1458911695884902,0.6404459633270904,1000000,200000,2000,0.0005833333333333334,174.3166666666667,0.08569508357078849,640445.0
1194.3769691837178,1149.8503883546562,1.038723803792227,1.2748958734117937,0.6406823397487134,1000000,200000,2000,0.02808333333333334,21.900000000000002,0.30611920623800903,640682.0
639.7136595727314,429.5546738924498,1.4892485135265934,0.45103744360013154,0.5019570454331299,1000000,200000,2000,8.333333333333333e-05,110.8916666666667,0.22607508360482112,501957.0
700.9761716406656,968.8665362393305,0.7235012722820573,1.466179762222453,0.6375288103734731,1000000,200000,2000,0.11116666666666665,1.8333333333333333,0.16799114357461223,637528.0
872.3007624546298,369.0722431379703,2.363495978559779,1.1363653154296702,0.5575747210347732,1000000,200000,2000,0.018125,27.75,0.2603132109450179,557574.0
1267.0773876543115,263.0141937918335,4.817524747950138,0.15416963913739473,0.43458464996046536,1000000,200000,2000,0.24391666666666667,0.0,0.014190528043567179,434584.0
1747.3282695160162,996.5556764179066,1.7533674343181127,1.2356544147521604,0.624584576388225,1000000,200000,2000,0.011041666666666665,26.733333333333334,0.4950523823299317,624584.0
1692.3528730344153,367.29411895165447,4.607623116495294,0.7427073680041009,0.6847560461577825,1000000,200000,2000,0.24345833333333336,0.0,0.020864263589008367,684756.0
221.27064617038508,558.3177134947452,0.3963167222214017,0.43361586081896564,0.6074506904314849,1000000,200000,2000,0.08224999999999998,86.25,0.030723687350891024,607450.0
1954.3285421651626,793.4330920432793,2.463129609495239,1.2732525598920086,0.6972236235108673,1000000,200000,2000,0.015958333333333335,25.583333333333332,0.4452202776787468,697223.0
1888.8086793070715,83.38465242817753,22.651754541208604,0.9957915297203931,0.4113129421705929,1000000,200000,2000,0.5190416666666667,0.0,0.009999999999999998,411312.0
964.5421940826138,728.9633989394091,1.3231695795508465,0.9493051439042544,0.5748050374578569,1000000,200000,2000,0.004166666666666667,47.30833333333334,0.3262718625051435,574805.0
190.82480569830943,694.4457504747653,0.2747872034177616,0.5993816017510327,0.5758049433567263,1000000,200000,2000,0.17629166666666665,0.0,0.024272702299922445,575804.0
1022.79506070159,693.1102269550573,1.4756600334623402,0.5508120639837962,0.6634770681540363,1000000,200000,2000,0.0,129.66666666666666,0.35955088602239765,663477.0
1835.161871159079,136.91001007264526,13.404146783608674,0.7735334799856624,0.4645724899410115,1000000,200000,2000,0.46249999999999997,0.0,0.009999999999999998,464572.0
618.8563025505222,941.8064287253659,0.6570950077162648,0.9260226619806308,0.6758251198778821,1000000,200000,2000,0.02120833333333333,50.31666666666666,0.14154263948715481,675825.0
1775.5428801445325,993.2570422697987,1.787596568242847,0.628363405114484,0.40063030521806764,1000000,200000,2000,4.1666666666666665e-05,69.39999999999999,0.4997766841816362,400630.0
1253.9298280273108,1498.6987863168065,0.8366790174755272,0.1036768272243251,0.5595259498715277,1000000,200000,2000,0.0,199.725,0.25879287505004467,559525.0
1682.1842515630588,341.4297972782136,4.926881792312735,0.31893921503304684,0.6857715943109548,1000000,200000,2000,0.2667083333333334,0.0,0.014220748573473168,685771.0
402.60942518825294,1465.3170472041938,0.2747592583846797,1.0728039163274758,0.6331366568342934,1000000,200000,2000,0.12783333333333333,0.0,0.06028765873615097,633136.0
1811.0783373091142,988.6261295165177,1.8319142932170045,0.9866802524708799,0.6865284909937698,1000000,200000,2000,0.0017500000000000005,54.71666666666666,0.5049491965334366,686528.0
1079.7715461848466,106.14242348306712,10.172855591120946,0.9295782745452337,0.4731620084485565,1000000,200000,2000,0.49366666666666675,0.0,0.010000000000000172,473162.0
365.3441051348982,587.7642786477611,0.6215826963411701,0.18804284088031392,0.6037925647578264,1000000,200000,2000,0.0013750000000000001,151.98333333333332,0.07300597787499453,603792.0
703.896528039331,297.6566921804265,2.364793221624124,0.6793648377594428,0.48354032480154613,1000000,200000,2000,0.0013333333333333333,67.31666666666666,0.19200934002045814,483540.0
1085.1535125814717,1289.8880580780165,0.8412772765711102,0.16549704512355795,0.6285387450122862,1000000,200000,2000,0.0,210.07500000000002,0.24594542307359732,628538.0
365.930700144686,349.6541585176253,1.0465504019630878,0.27377450530840275,0.4817172971509037,1000000,200000,2000,0.001,113.15833333333335,0.08523807660715456,481717.0
961.3932404781825,1494.5036739085333,0.6432859666138376,0.38183280728665214,0.40563222491948636,1000000,200000,2000,4.1666666666666665e-05,98.24166666666667,0.18784027992480815,405632.0
396.6591548596975,1051.7515739143905,0.37714148920492546,0.9993662999796769,0.6587983931978585,1000000,200000,2000,0.10216666666666667,6.575,0.06647636274745042,658798.0
969.4281889765477,177.88895672723527,5.449625467549475,0.7896873476408389,0.47813845533179633,1000000,200000,2000,0.45774999999999993,0.0,0.010315925210751604,478138.0
1740.8211573912572,1031.2452069245164,1.6880768470021885,1.4765232416074843,0.5854385216792617,1000000,200000,2000,0.032124999999999994,11.833333333333334,0.48864890151824886,585438.0
100.14517788284671,968.5261625473444,0.10339955878884306,1.3338506980496743,0.65979462749904,1000000,200000,2000,0.5272916666666666,0.0,0.01343718421302883,659794.0
116.99287804158378,203.61164514317437,0.5745883441947411,0.2073540068481477,0.4973500750798078,1000000,200000,2000,0.27170833333333333,0.0,0.013497046185856426,497350.0
1157.9405539363324,709.9178290531382,1.6310909608802897,1.092041518298349,0.6416764995567282,1000000,200000,2000,0.00725,38.633333333333326,0.404176995147764,641676.0
1159.9896516995154,913.870241582038,1.2693154880406325,0.9048281056682258,0.48014854850679944,1000000,200000,2000,0.0020833333333333337,44.574999999999996,0.3539225451818688,480148.0
526.3039725832998,670.4537160269612,0.7849967268465933,0.20508559943100899,0.44684994805962436,1000000,200000,2000,0.0,129.15,0.1335087562374691,446849.0
1578.5790884707576,82.74616095334765,19.077369515194327,1.1759526829780198,0.5271363784285097,1000000,200000,2000,0.555375,0.0,0.009999999999999998,527136.0
132.46470840815203,989.5656329962393,0.13386146809390606,0.8135447423550141,0.40726290471654236,1000000,200000,2000,0.3315833333333334,0.0,0.01621236566757873,407262.0
1552.8784019949605,1181.7179320206037,1.3140855020619975,0.11666080528846212,0.4968471972599634,1000000,200000,2000,0.0,184.73333333333335,0.40693894983351525,496847.0
779.8063236114676,737.5855992302348,1.0572417959695737,0.5941928783204237,0.6785602092540564,1000000,200000,2000,0.0003333333333333333,117.46666666666665,0.24003983568988577,678560.0
576.322996217162,428.6554041307354,1.3444902144319857,1.2854649301561136,0.4850333385062785,1000000,200000,2000,0.057458333333333333,13.225000000000001,0.1922692370279996,485033.0
453.5695275426448,963.4162698563171,0.47079288749222564,0.9942120241434329,0.5245350638534343,1000000,200000,2000,0.06795833333333334,27.833333333333332,0.08541376114612904,524535.0
998.8823256673336,834.5202573022107,1.1969539587888054,1.4357879423165936,0.4947475892846076,1000000,200000,2000,0.04783333333333334,10.166666666666666,0.31264254396644814,494747.0
705.5499293265046,576.9000945362212,1.2230019305053277,1.0976760738664526,0.5632845785066516,1000000,200000,2000,0.01925,30.316666666666663,0.2386000719100169,563284.0
1783.9113483775288,745.490117835965,2.392937620093382,1.0534471534744285,0.5654004557727355,1000000,200000,2000,0.004416666666666667,36.98333333333333,0.44580921984103056,565400.0
628.5234459715052,368.3801845542876,1.7061814731755223,0.5235221910694791,0.6437754926107142,1000000,200000,2000,0.000125,126.21666666666665,0.21807233398476997,643775.0
1720.3560069561795,450.78663419397424,3.8163420928223606,0.3592488513104807,0.5040005683975408,1000000,200000,2000,0.0028750000000000004,101.46666666666665,0.08244520017023706,504000.0
1813.5533105080522,593.770032953925,3.054302524305364,0.9339197756289709,0.6039149481825066,1000000,200000,2000,0.006000000000000001,50.98333333333333,0.26056813753264046,603914.0
851.5621542668847,191.01420198044113,4.458109111458007,0.4251145336242197,0.47455884984331814,1000000,200000,2000,0.24250000000000002,0.0,0.01616919102263262,474558.0
354.25453869592525,263.4679951498942,1.344582815436008,1.177289644950286,0.41942556176347956,1000000,200000,2000,0.11658333333333332,0.0,0.07926636821890466,419425.0
504.675728475029,1126.1584839755803,0.44813917015784116,0.5015092458549318,0.6487468031670107,1000000,200000,2000,0.005958333333333334,108.87500000000001,0.09339130287807591,648746.0
824.2304172071852,1019.3436230248753,0.8085893692661785,0.3327681510696034,0.4722212695559168,1000000,200000,2000,0.0,125.64166666666667,0.2051907647646308,472221.0
1581.2979513123712,1025.4388558765108,1.5420694683553127,0.42310867070565505,0.4308284616289434,1000000,200000,2000,0.0,107.14166666666667,0.45490325697258177,430828.0
697.1297241811883,1450.737113414243,0.480534838279918,1.2274694504612926,0.534791655804679,1000000,200000,2000,0.07791666666666668,17.64166666666667,0.12778172605078297,534791.0
1160.1452156159323,223.3551321434349,5.194173084283134,0.7991221343363505,0.6943476623434779,1000000,200000,2000,0.4372500000000001,0.0,0.01108038041817064,694347.0
1608.5917153161017,1026.661988031924,1.566817252482209,0.2849662678356899,0.43402683804998393,1000000,200000,2000,0.0,133.56666666666666,0.4613008162366598,434026.0
1959.1164612541936,759.766618989314,2.578576647471463,0.8850507268562539,0.49662829116607665,1000000,200000,2000,0.0012083333333333334,48.083333333333336,0.4153514084950647,496628.0
921.0217735504235,1326.5303890016155,0.6943088384455411,1.0993477658416522,0.6143107570405664,1000000,200000,2000,0.026541666666666672,30.975000000000005,0.19484870936511967,614310.0
1583.5845075593936,1156.4627824417169,1.3693346051447208,0.7851855257892364,0.48811988911517346,1000000,200000,2000,0.00025,60.49166666666667,0.42203021009492003,488119.0
1904.903168699538,1075.6049695258976,1.7710062919653267,0.448362183866185,0.5317196909481626,1000000,200000,2000,0.0,126.23333333333333,0.5088783494704535,531719.0
624.3601409850113,631.6429026739893,0.9884701282035352,0.7359686663116733,0.687983797180204,1000000,200000,2000,0.003166666666666667,85.23333333333333,0.18584736281447164,687983.0
1852.5566233028742,402.2270984975241,4.605747922561408,1.0553646747035081,0.6827423532188395,1000000,200000,2000,0.328,0.0,0.021852563948367865,682742.0
1294.2528807694273,681.385996250274,1.8994415615991709,0.4378798499122184,0.6198349404080313,1000000,200000,2000,0.0,149.975,0.4378535660423976,619834.0
1990.4219099163502,248.47345426969324,8.01060183980839,1.1269347441958713,0.5182894121299122,1000000,200000,2000,0.5410416666666666,0.0,0.010000003226920701,518289.0
433.8735483096982,181.40492949593084,2.391740673835606,0.9015593964375173,0.4004421152893954,1000000,200000,2000,0.06220833333333334,25.825,0.07284279183064171,400442.0
636.2862872267807,459.87094404259034,1.3836192424626241,0.5915216237583548,0.40439208210785205,1000000,200000,2000,0.0005416666666666668,69.39166666666667,0.22160229925663918,404392.0
1166.5948717873696,327.96253780302703,3.5570979527180686,1.3897202502120882,0.6539813946874189,1000000,200000,2000,0.16454166666666667,0.0,0.090737873142527,653981.0
1885.9128171954483,165.9290424199522,11.365778947981658,0.7034140287213214,0.5705790558556075,1000000,200000,2000,0.44325,0.0,0.009999999999999998,570579.0
189.63376102183406,1267.4215772493983,0.14962169212345566,0.9955473302259114,0.414968430835647,1000000,200000,2000,0.301,0.0,0.022682678574839254,414968.0
1879.0502594199463,476.7801379554629,3.941125289903483,0.7391129220990817,0.593280533269647,1000000,200000,2000,0.03725,47.48333333333333,0.06998984885361854,593280.0
1853.9588780503695,1390.2389324944133,1.333554135708122,0.6140251479459384,0.5101266260984085,1000000,200000,2000,4.1666666666666665e-05,88.95,0.43086950143933117,510126.0
1501.1641054970232,510.30715069761845,2.9416873807173736,0.6905185530165354,0.5547255150893468,1000000,200000,2000,0.0009583333333333333,80.16666666666667,0.26332829633031823,554725.0
637.7958181359727,503.33154271029457,1.2671485174595396,0.37778480406861914,0.5743655423613263,1000000,200000,2000,4.1666666666666665e-05,143.25,0.21613422722037653,574365.0
1343.1630078813696,1258.208227032582,1.0675204461579058,0.8103482294592718,0.4101420048578711,1000000,200000,2000,0.0011666666666666668,47.24166666666667,0.327441324218224,410142.0
916.907007266987,1227.4724179279722,0.7469878702568051,1.2879464819550022,0.4262098926814021,1000000,200000,2000,0.05175,12.075000000000001,0.20573274424028068,426209.0
304.25778059751974,970.0887417754536,0.3136391213454019,1.1401241094770425,0.6039949019896966,1000000,200000,2000,0.19762500000000002,0.0,0.04510671873435834,603994.0
596.425361546821,376.4203895416344,1.5844661397675237,1.4303692801839478,0.4994672807824979,1000000,200000,2000,0.08074999999999997,9.491666666666667,0.20437043046329814,499467.0
1282.4578636175386,462.32699869718,2.7739194709187576,0.26121149540424904,0.43205640840794923,1000000,200000,2000,0.0,131.45833333333334,0.2771315192775088,432056.0
140.72277200029444,1381.6422981619135,0.1018518122870926,0.9155078231989674,0.4610527727662404,1000000,200000,2000,0.35141666666666665,0.0,0.016825781663820157,461052.0
1439.51470469885,1020.6426716955767,1.4104002748654514,0.24800852512910596,0.6129882200013816,1000000,200000,2000,0.0,198.5666666666667,0.4172953215266772,612988.0
1324.1653008398462,950.2252305073118,1.39352782722144,0.4460025433793271,0.697156772142804,1000000,200000,2000,0.0,163.625,0.4006902126169168,697156.0
1712.3168717294998,806.2900284152014,2.123698435282815,0.873109464875516,0.5419284642572166,1000000,200000,2000,0.0007500000000000001,56.39166666666666,0.48389656413911736,541928.0
957.206609379501,60.65471070139718,15.781241033228632,1.175573413026872,0.5921964899624845,1000000,200000,2000,0.5500833333333334,0.0,0.009999999999999998,592196.0
159.8828541244549,835.417299467348,0.19138082755336078,1.2390127994408797,0.48802954156811257,1000000,200000,2000,0.4091666666666667,0.0,0.01944600660666267,488029.0
140.7979206553166,1357.7112731037012,0.10370240230344066,0.2044290759599931,0.690918696278872,1000000,200000,2000,0.19829166666666667,0.0,0.016845608125100855,690918.0
1518.6603306576608,879.4172675921733,1.7268939178505354,0.7325514305386338,0.5134345538964679,1000000,200000,2000,8.333333333333333e-05,71.73333333333333,0.46935751535510833,513434.0
367.8649561844438,950.8976768113242,0.38686071609515044,1.4838153268338052,0.47752524509810074,1000000,200000,2000,0.26104166666666667,0.0,0.06130132338693958,477525.0
1572.439434213145,633.259503256756,2.4830885697353633,0.19415456433784248,0.6969882359636376,1000000,200000,2000,0.0,239.5666666666667,0.3994136899314564,696988.0
1728.210270251546,345.95947962920445,4.9954123879011,0.4945593345866379,0.662662151645959,1000000,200000,2000,0.31725,0.0,0.013499980656894728,662662.0
1328.25209785045,625.2709996765363,2.1242822688683436,0.6441775347686342,0.6362203901609966,1000000,200000,2000,4.1666666666666665e-05,106.40833333333335,0.42683959390741677,636220.0
403.3475037031628,1452.952870200494,0.2776053593861613,1.4260956976919303,0.436573190409297,1000000,200000,2000,0.237,0.0,0.06061252863403063,436573.0
1876.073030668971,421.6337277936576,4.44953263223548,1.0484860990069944,0.4685459364141105,1000000,200000,2000,0.2682916666666667,0.0,0.02820631485231273,468545.0
1044.4771320616499,781.8556957772713,1.3358950221924226,1.167662917847999,0.5774177012778454,1000000,200000,2000,0.012958333333333336,27.241666666666664,0.3456013915133757,577417.0
903.3006656876793,1452.50257912466,0.6218926414795399,0.9786832776264964,0.4796515905974212,1000000,200000,2000,0.016791666666666667,32.15833333333333,0.17758498200680398,479651.0
1114.5167281721028,85.56740603511147,13.025014778580239,0.6962589370544205,0.5304753003794884,1000000,200000,2000,0.44025,0.0,0.009999999999999998,530475.0
397.79403855298085,1385.947256728327,0.28701960815739497,0.9398157297457557,0.4899537283145689,1000000,200000,2000,0.09504166666666668,24.433333333333348,0.06037222368846772,489953.0
821.4729122769503,1470.4575403216322,0.5586512291250995,0.6917878623658321,0.5225944333516015,1000000,200000,2000,0.0040416666666666665,69.55833333333332,0.1562686359166909,522594.0
336.0653197582466,878.7216540932978,0.38244797791516016,1.343520051728284,0.5060436741824894,1000000,200000,2000,0.22620833333333334,0.0,0.05444505116053921,506043.0
143.71487824283273,187.703476257854,0.7656484637791535,0.9569823903277717,0.4052216159556783,1000000,200000,2000,0.3807500000000001,0.0,0.015913132957220053,405221.0
1276.614985022711,52.646555571927976,24.24878458152015,0.5897031110254541,0.6597270231502947,1000000,200000,2000,0.42737500000000006,0.0,0.009999999999999998,659727.0
1848.8658978742108,1140.5847680625652,1.6209807018681788,0.14096349035161865,0.5417643308973805,1000000,200000,2000,0.0,200.99166666666667,0.4885768583009887,541764.0
478.16260215528513,228.64376395851,2.0912995564665966,1.3090561562525895,0.5653064914922452,1000000,200000,2000,0.11141666666666668,1.3333333333333333,0.11312541666527458,565306.0
417.58542785211745,553.6177067514736,0.7542848119913497,1.2047869031930645,0.5726091757668235,1000000,200000,2000,0.10425000000000001,8.183333333333337,0.09625905042597345,572609.0
1770.424751780601,462.28425762325725,3.829731864292521,1.2343146877483426,0.6071928503464707,1000000,200000,2000,0.12766666666666662,0.0,0.08209369110812158,607192.0
321.5747195327316,1290.455365859972,0.24919476336822471,0.44974553941920614,0.6779450046005282,1000000,200000,2000,0.03733333333333332,78.72500000000001,0.045371367046249216,677945.0
1622.2080034068667,396.90313107304064,4.087163532878096,0.3331799773128467,0.5431809062161022,1000000,200000,2000,0.019,100.64166666666667,0.04883534047655156,543180.0
1743.4535629723412,471.1897999714454,3.700108879856899,0.30347846717211624,0.5986857940912631,1000000,200000,2000,0.00041666666666666675,144.05833333333337,0.10143223529307123,598685.0
1593.991738822361,1104.3136988343538,1.4434229517435866,1.1044374151658156,0.6965492978813226,1000000,200000,2000,0.006291666666666668,39.90833333333333,0.4384528160945021,696549.0
1794.7978135361002,617.7728331598394,2.905271512759648,0.4047650371668733,0.4881514404438375,1000000,200000,2000,0.0,120.74166666666667,0.3040893150895288,488151.0
1271.9780693871623,894.195779997066,1.4224827468894294,1.4774234868150118,0.5068521479592449,1000000,200000,2000,0.044041666666666666,9.416666666666666,0.3987801077119562,506852.0
145.89766244527826,843.6306761380956,0.17294020543818628,0.46057881635640263,0.5521636336842487,1000000,200000,2000,0.22199999999999995,0.0,0.01774350401190156,552163.0
1276.3940933710462,489.9585822434221,2.6051061041255643,0.9597300568689477,0.6568324144265039,1000000,200000,2000,0.0045000000000000005,53.39166666666667,0.3197919891891589,656832.0
1735.212006605648,227.4011387269844,7.63062144859761,0.18383002775475565,0.6908494489294548,1000000,200000,2000,0.3739583333333334,0.0,0.010000025940505445,690849.0
519.017854590581,1077.5308109338196,0.4816733306593665,0.633738441632154,0.6893168430270449,1000000,200000,2000,0.010583333333333332,94.63333333333333,0.09968414235096547,689316.0
717.6874525125783,969.5668686659496,0.740214497531317,0.2178958113506685,0.43425052918763013,1000000,200000,2000,0.0,130.64166666666668,0.17394040439457983,434250.0
507.4361017567817,117.65702917637229,4.312841360256649,0.6300304057869607,0.4409021804765825,1000000,200000,2000,0.362875,0.0,0.012750883430043982,440902.0
743.1010235825211,972.5479584638766,0.7640764829286535,0.6510855289206245,0.641346995918033,1000000,200000,2000,0.0015833333333333333,95.72500000000001,0.18278140646858562,641346.0
1497.6622217439544,927.9397300969564,1.6139649733366521,0.4785734310481595,0.6127900250881976,1000000,200000,2000,0.0,138.39166666666668,0.4560925697615375,612790.0
1672.9234114614096,1228.2910420985413,1.361992682616338,1.451371511442832,0.5438223243951572,1000000,200000,2000,0.033,11.75,0.42700254934281984,543822.0
1428.0511990993896,175.20720168485047,8.150642127531153,1.3145007276596816,0.6175992454733941,1000000,200000,2000,0.5838333333333332,0.0,0.010000000815210668,617599.0
1704.9550130141693,447.31006697637713,3.8115730874087608,0.999940946664207,0.5947273367602454,1000000,200000,2000,0.07191666666666667,32.074999999999996,0.08262362105568696,594727.0
314.42495726800416,991.1310865629275,0.31723851822504723,1.1056101744447706,0.5444251532926767,1000000,200000,2000,0.17737499999999998,0.0,0.04717641960449709,544425.0
1962.261058607356,1125.3840018515698,1.743636887834633,0.5323816116277738,0.5490250703712451,1000000,200000,2000,0.0,112.75,0.510548189293768,549025.0
1701.1792001448227,803.2562978911404,2.117853547629914,1.1140856094296128,0.5010245419225808,1000000,200000,2000,0.005833333333333334,29.308333333333337,0.48330668127862797,501024.0
1504.6282019063922,358.7458358968074,4.194134262618161,1.414105361806684,0.5291061471520841,1000000,200000,2000,0.3196666666666667,0.0,0.03816394201158212,529106.0
982.9492316376924,1053.4290401273456,0.9330948684677107,1.0010688950079016,0.5477594869853668,1000000,200000,2000,0.009958333333333333,38.725,0.25539774213416205,547759.0
1859.8197719202526,985.4244045682138,1.8873287116683244,0.7217724239025235,0.4101103801477172,1000000,200000,2000,4.1666666666666665e-05,57.9,0.5103739241754572,410110.0
1722.632637551705,794.3740915126039,2.1685408121399856,1.2309362350996202,0.5001907865322958,1000000,200000,2000,0.011875000000000002,20.408333333333335,0.479517915446029,500190.0
1740.5089908258728,1421.998698614834,1.223987752254133,0.8617735680897025,0.43365609799922583,1000000,200000,2000,0.000625,45.89166666666667,0.3961329981175405,433656.0
294.95566878175475,952.1598735588444,0.3097753612314206,0.5486626480264032,0.5362486553937968,1000000,200000,2000,0.05512500000000001,59.583333333333336,0.043210328164879554,536248.0
1815.1590397250457,223.97477463464088,8.104301221805116,1.3466412392673548,0.6488454574962839,1000000,200000,2000,0.5880833333333334,0.0,0.010000001590015236,648845.0
1099.9995244301833,533.3566242345069,2.062409041996888,0.8900091336986935,0.443244379680823,1000000,200000,2000,0.0018333333333333335,42.73333333333333,0.3807301258606611,443244.0
725.9442812168917,224.1135656250637,3.2391804538569433,0.9397912283971902,0.5242343273053398,1000000,200000,2000,0.06783333333333334,31.333333333333332,0.0765121365350646,524234.0
1171.1966870320596,261.5985563465674,4.47707626291504,0.6037493750084864,0.4453703600021485,1000000,200000,2000,0.21854166666666666,0.0,0.020026937660132502,445370.0
1126.4470509813843,1156.9326117806447,0.9736496659452448,0.38536577008200834,0.49226212373281364,1000000,200000,2000,0.0,125.06666666666668,0.28273786489617253,492262.0
287.2534950997813,858.2753275406236,0.3346868841294813,1.478512718959978,0.4412998285246837,1000000,200000,2000,0.31816666666666665,0.0,0.042606425221522116,441299.0
731.729063882025,1336.14012073224,0.5476439577916561,0.5859519520239932,0.4492685082439208,1000000,200000,2000,0.0023750000000000004,72.15833333333333,0.14336741238959805,449268.0
1973.42064868271,1307.560321885876,1.509238706353886,0.2467455373466447,0.6236210615908654,1000000,200000,2000,0.0,202.725,0.47692982731853806,623621.0
1842.5407112988735,800.0975960639454,2.302894947270425,0.35706685011513695,0.6117737652029975,1000000,200000,2000,0.0,170.54999999999998,0.47019489873017667,611773.0
963.0314423656241,1119.7871237871393,0.8600129630966243,0.9038403582943355,0.6496457867364732,1000000,200000,2000,0.005791666666666666,58.974999999999994,0.23641039428275787,649645.0
122.52095121111559,1029.0316649315232,0.11906431588698364,1.0052888675481544,0.41827370277751563,1000000,200000,2000,0.4017083333333334,0.0,0.015252085157257823,418273.0
144.11742503462884,311.38807058522184,0.4628225633813619,0.36373694042204785,0.6051944763292813,1000000,200000,2000,0.2111666666666667,0.0,0.017201678492801086,605194.0
684.7960796235741,1053.8084203023059,0.6498297664267351,0.5255040229045157,0.4772729570401152,1000000,200000,2000,0.0007083333333333334,86.97500000000001,0.15308185597454776,477272.0
1931.8456451961817,188.36909786950147,10.255639948621125,0.7485667484427577,0.6980102584153949,1000000,200000,2000,0.4653749999999999,0.0,0.010000000000000247,698010.0
319.45604785973205,1496.6886000454656,0.2134418928894279,1.155919022258765,0.5130788173520272,1000000,200000,2000,0.21166666666666667,0.0,0.04333277935614344,513078.0
876.9503865387738,906.3064570155723,0.9676091125142519,0.7649772381970606,0.5740660813903478,1000000,200000,2000,0.0013750000000000001,71.64166666666667,0.24551195620025848,574066.0
170.19772811423735,474.0667818205252,0.3590163551654875,0.3239286920390682,0.512512002292613,1000000,200000,2000,0.1425833333333333,0.0,0.02138136404552361,512512.0
1344.2859928940616,1484.5887417780673,0.9054938617438474,0.1931562776997908,0.563126364592899,1000000,200000,2000,0.0,186.65833333333333,0.28356905708292285,563126.0
167.23433313770087,1362.4730192684608,0.1227432255704354,0.3801346700084718,0.6475520678695802,1000000,200000,2000,0.17737500000000003,0.0,0.019720773383595295,647552.0
159.05181888257403,984.1384228043129,0.16161529231767435,0.8064055893311332,0.651234996576626,1000000,200000,2000,0.2834166666666666,0.0,0.01915489606681425,651234.0
1008.4967554357753,108.45648071848667,9.298630646641243,0.572724746786377,0.45777253324896205,1000000,200000,2000,0.42500000000000004,0.0,0.010000000000148212,457772.0
263.23381068033564,728.0993063445214,0.36153558777843264,1.1644826676821252,0.41633920303285477,1000000,200000,2000,0.23700000000000002,0.0,0.038595698974861425,416339.0
801.6536270080123,405.08708844351554,1.9789661282176194,0.3008598383867853,0.48798495492091,1000000,200000,2000,0.0,139.3166666666667,0.2842513096702821,487984.0
874.6403995820122,1019.6547645488364,0.8577809176118661,0.35397660482858895,0.5166858580616174,1000000,200000,2000,0.0,133.3,0.22315097138782625,516685.0
1579.1907127488125,1060.5311857459888,1.4890563653137585,0.8824156840790196,0.4599979018793227,1000000,200000,2000,0.0007500000000000001,45.81666666666666,0.4457537065415735,459997.0
551.0309351573613,202.3790356089225,2.7227668789872794,1.2904277284231416,0.4728564218920225,1000000,200000,2000,0.13958333333333334,0.0,0.08793738118522987,472856.0
650.8266663967311,510.94849898386116,1.273761773820747,1.145556805247633,0.4010438631355925,1000000,200000,2000,0.027041666666666672,18.566666666666666,0.2219487379711805,401043.0
1392.205356390031,278.5003306124472,4.998936099387913,0.4288680681996453,0.4793822751743918,1000000,200000,2000,0.3213333333333333,0.0,0.012695876519324583,479382.0
1103.6457655672211,55.2399951126431,19.97910686481258,0.6647493084523667,0.5247992741066421,1000000,200000,2000,0.43987499999999996,0.0,0.009999999999999998,524799.0
502.2905474834425,687.5961647566116,0.7305022529630284,0.31038727922203047,0.6554386131623233,1000000,200000,2000,0.00025,162.24166666666667,0.12121525149854068,655438.0
159.28507310730552,119.91955723668497,1.328266020803637,0.33399038260131475,0.4101129551939611,1000000,200000,2000,0.22945833333333335,0.0,0.01597668048268672,410112.0
1195.5253346568438,728.8171060572212,1.6403639880579042,0.2151682550677152,0.6352917665139984,1000000,200000,2000,0.0,214.88333333333333,0.41251718858886327,635291.0
672.5494680093939,856.9978221322269,0.7847738356394862,1.243904452038286,0.6392371183784357,1000000,200000,2000,0.05433333333333334,19.825,0.1717647124389071,639237.0
1021.4485762519585,449.248406811911,2.273683246871509,0.8544809284386038,0.6175371201298717,1000000,200000,2000,0.001666666666666667,64.56666666666666,0.32706883596437114,617537.0
1102.731360577517,1124.785288494451,0.9803927663861487,0.3523661825445472,0.477643417398127,1000000,200000,2000,0.0,126.15833333333335,0.2816821152935241,477643.0
121.66953959288807,1206.3266032207769,0.10085953444783695,0.48745737516942067,0.6964208064665329,1000000,200000,2000,0.27312499999999995,0.0,0.015117266231224622,696420.0
1004.0432121472682,818.3511814907455,1.2269099560878713,0.44970948467728267,0.5459923849821039,1000000,200000,2000,0.0,126.14999999999999,0.31909840676139767,545992.0
548.879880977948,390.90694667570693,1.4041190253733047,0.8358312545170362,0.5070466250797184,1000000,200000,2000,0.007375000000000002,50.541666666666664,0.17991156971714686,507046.0
1036.832465860711,922.05442823368,1.1244807617777008,0.3106833311796205,0.4079782134049001,1000000,200000,2000,0.0,116.9666666666667,0.3050499879311382,407978.0
139.2449746180821,1222.163805038143,0.1139331520407253,0.36653058395642013,0.6174950310308563,1000000,200000,2000,0.220125,0.0,0.01676354735685528,617495.0
1369.0678540295153,328.3911906353991,4.16901516566424,0.20586161269648884,0.4001976688887118,1000000,200000,2000,0.030375000000000003,57.333333333333336,0.03699895845762023,400197.0
1570.123904862103,65.48025932399892,23.978584096514762,0.6358102379518114,0.6261140135599852,1000000,200000,2000,0.43404166666666666,0.0,0.009999999999999998,626114.0
796.5802831765888,826.5995443232152,0.9636834288709837,1.3044618671341806,0.6227362787645916,1000000,200000,2000,0.04754166666666667,17.150000000000002,0.22859931716948448,622736.0
1557.645597719661,1150.94760091226,1.3533592636928438,1.2978138203301028,0.4663240347099511,1000000,200000,2000,0.020499999999999997,15.658333333333333,0.4163637401274361,466324.0
914.142697748034,1004.0237402089858,0.9104791661178816,1.3655902307683034,0.4282049470087833,1000000,200000,2000,0.05429166666666666,10.25,0.24029366774103758,428204.0
1042.8200236607004,1443.0132584217613,0.7226683591259886,0.11614493728204234,0.5449406675770254,1000000,200000,2000,0.0,187.47500000000002,0.21338393697503535,544940.0
643.9459915771453,745.6044792905855,0.8636562808606456,0.8803845687861658,0.4025266106848931,1000000,200000,2000,0.010541666666666664,36.166666666666664,0.1761055427074706,402526.0
644.120478011394,1413.4574474665444,0.45570560271616517,0.642895357304033,0.45216716620946146,1000000,200000,2000,0.006333333333333334,60.574999999999996,0.11691454453257032,452167.0
570.4692222413726,568.8948042834247,1.0027675027897838,1.0342799142730055,0.6909520721929303,1000000,200000,2000,0.02416666666666667,41.449999999999996,0.16878633449626748,690952.0
1215.008371825197,771.1175275666116,1.5756461607860945,0.12069082609888343,0.546198973765847,1000000,200000,2000,0.0,203.0,0.410493186636314,546198.0
138.22077150246093,622.8483139028834,0.22191722834785224,0.13563340493665269,0.45876642282809443,1000000,200000,2000,0.18800000000000003,0.0,0.01699745432394673,458766.0
1642.92020942436,802.1767991746839,2.0480774451650454,1.463475093019037,0.6022199624906602,1000000,200000,2000,0.03233333333333333,12.741666666666667,0.4831819356124368,602219.0
1791.0835913588037,615.4749380481072,2.9100837103765347,0.6093538099129275,0.5035949781469117,1000000,200000,2000,0.000125,86.40833333333335,0.3023027573382948,503594.0
1269.6385576179368,1402.822787337313,0.9050598329870503,0.8618596785539878,0.47805720329118806,1000000,200000,2000,0.00325,48.48333333333333,0.27821253959336145,478057.0
1788.892288784773,332.48828447008844,5.380316758035144,0.6604818287601804,0.6458579958190402,1000000,200000,2000,0.41129166666666667,0.0,0.010996037426882823,645857.0
1181.4339114921356,507.78786249798287,2.32662889120716,0.7519516190641484,0.6473818150327435,1000000,200000,2000,0.0003333333333333333,84.73333333333333,0.3616456956526129,647381.0
585.3046199216153,1147.6471693417088,0.5100039764463031,0.6786948261891145,0.4308627943336928,1000000,200000,2000,0.008208333333333337,54.81666666666666,0.11521447015333813,430862.0
1260.1700988048476,1489.4600497556821,0.846058341082431,1.023023332357412,0.610742120338406,1000000,200000,2000,0.010041666666666667,42.24166666666667,0.26173195000661714,610742.0
1458.7440460908863,814.9877085053372,1.7898969896934749,0.31243449227306297,0.4458247338548903,1000000,200000,2000,0.0,130.32500000000002,0.4648178629259662,445824.0
225.03202812976753,432.82182057615563,0.5199183992854464,0.9253350315767651,0.6564580971017278,1000000,200000,2000,0.19483333333333333,0.0,0.03245003570060733,656458.0
638.2902957827642,390.8783830219401,1.632963917953316,1.1154345670290196,0.45323152445398235,1000000,200000,2000,0.021791666666666664,23.816666666666666,0.22510769460538457,453231.0
915.980374850085,1104.6907290581196,0.8291735874628615,0.8849256194683255,0.5824034181381802,1000000,200000,2000,0.006499999999999999,53.31666666666666,0.22331059900662656,582403.0
389.25033776413153,130.26782867223858,2.988077269204417,0.43205635215487004,0.5199954764061285,1000000,200000,2000,0.08074999999999999,70.48333333333333,0.03167807674903332,519995.0
166.49160937505195,1370.3545461852007,0.12149528006349311,0.1880769187975011,0.6052319098272483,1000000,200000,2000,0.14591666666666667,0.0,0.019625752859480542,605231.0
1120.4932702959663,809.9330277674342,1.3834394102739407,0.9583739468673251,0.6787692105096816,1000000,200000,2000,0.0025416666666666665,54.55833333333333,0.3677706712587376,678769.0
1206.609264518352,515.0837232402282,2.3425497838059335,0.24757002916857537,0.5484189405038054,1000000,200000,2000,0.0,174.49166666666667,0.36456577869279955,548418.0
1164.456530985413,358.7654378211132,3.245732192201947,0.7858259592290873,0.6422303870834083,1000000,200000,2000,0.008083333333333333,70.325,0.144937223170687,642230.0
1071.6608159811358,1295.7577505086074,0.8270533713269246,1.0239604644112699,0.4377341253174825,1000000,200000,2000,0.012666666666666668,29.166666666666668,0.24114704011422597,437734.0
806.3140984328313,937.2076876046642,0.8603366245251641,0.7417186487354775,0.518765743491608,1000000,200000,2000,0.0018333333333333333,65.39999999999999,0.2119049645200013,518765.0
1247.3101682012918,131.74438591853868,9.467653285602161,1.4321398229803803,0.45868968197342447,1000000,200000,2000,0.6120833333333333,0.0,0.01000000000006388,458689.0
681.2213277707243,1019.0923441710867,0.668458880755128,0.10876951749690833,0.6984312698863432,1000000,200000,2000,0.0,227.13333333333333,0.15541071162071746,698431.0
1492.6148760825433,1299.3948823904448,1.1486999805144988,1.0902340382305915,0.42926610595211107,1000000,200000,2000,0.007583333333333333,24.333333333333332,0.3605427650108682,429266.0
1999.1273088788444,1160.3014613915823,1.7229378531345074,1.2872227749946772,0.40045622875348574,1000000,200000,2000,0.01404166666666667,14.066666666666668,0.5108739806444625,400456.0
222.64595193256832,67.92519131368267,3.277811186491559,0.5776765543123413,0.6097341212019164,1000000,200000,2000,0.3599583333333333,0.0,0.012104409797969432,609734.0
1704.4198829155305,1317.7261536992994,1.2934553041469596,0.10131167616724651,0.5986370717982884,1000000,200000,2000,0.0,226.24166666666667,0.41239462624337,598637.0
1276.9783928440238,979.6220832638671,1.303541860336015,0.6396594964240702,0.6215159822181946,1000000,200000,2000,8.333333333333333e-05,101.48333333333333,0.37698323924351046,621515.0
1044.967029735194,338.4470164097017,3.0875350618255286,0.44501812841889454,0.6768357743608076,1000000,200000,2000,0.00020833333333333335,144.82500000000002,0.1588268724697797,676835.0
1794.8302551115505,1253.6454741365756,1.431688856331337,0.6433493182276399,0.5751431695574748,1000000,200000,2000,0.0,94.65000000000002,0.4506303565902889,575143.0
413.2969329694157,1147.9175550763823,0.36004060669837473,0.37117216368407313,0.6213215894194609,1000000,200000,2000,0.006791666666666668,122.22500000000002,0.0684227879890411,621321.0
1209.0321624087337,1495.3651348624032,0.8085196947700559,1.0188783101749612,0.5785448976461437,1000000,200000,2000,0.011666666666666667,38.81666666666666,0.24816635189572409,578544.0
1243.629802468691,310.2437422202607,4.008557251046061,1.3379792665604908,0.659440569346145,1000000,200000,2000,0.2650416666666666,0.0,0.044917942196063036,659440.0
1640.976207881797,1391.3367503886616,1.1794241814020943,1.0887793020281724,0.5236258582862872,1000000,200000,2000,0.007541666666666669,31.65833333333333,0.37842115719438557,523625.0
1337.8323369335235,852.2356021536638,1.5697916556791573,0.832626539841476,0.44996290349011414,1000000,200000,2000,0.0005416666666666668,50.35833333333333,0.4299000823412391,449962.0
1533.7102344005561,414.07705067256086,3.703924745187982,0.46740003494670224,0.5049535245696983,1000000,200000,2000,0.003958333333333334,89.7,0.09190070745691266,504953.0
418.3731281871508,277.09631265811686,1.5098473313260656,0.2539732445303634,0.5332584702959021,1000000,200000,2000,4.1666666666666665e-05,138.05000000000004,0.10919632887936076,533258.0
1121.3134033711608,188.734715003644,5.9412143831065265,0.9748123554859579,0.6172587529422915,1000000,200000,2000,0.5055416666666667,0.0,0.010059122201718845,617258.0
994.1648311559865,893.3636142292203,1.112833358468193,1.031184217707133,0.5605127732999996,1000000,200000,2000,0.009125,36.98333333333333,0.2955006028076083,560512.0
421.6105740537298,107.47849154153292,3.922743685798817,0.29954236022040026,0.6412032432299015,1000000,200000,2000,0.25825000000000004,0.0,0.014391922135523988,641203.0
1848.551513270167,99.21472758511209,18.63182572047455,0.6975239586411572,0.6260941353302256,1000000,200000,2000,0.4449166666666667,0.0,0.009999999999999998,626094.0
1031.679462202942,729.0398127820151,1.4151208810751421,1.1397110263397223,0.4560325353197083,1000000,200000,2000,0.012083333333333335,23.558333333333337,0.3543546363962853,456032.0
1203.9545681517925,723.107182203957,1.6649738763239244,1.2676309029010167,0.4006681405131905,1000000,200000,2000,0.015916666666666666,14.908333333333333,0.4158852527276287,400668.0
721.2476579087011,956.0193477202912,0.7544278885449096,0.7192155534001743,0.4988637093652863,1000000,200000,2000,0.0037916666666666667,64.05833333333332,0.17700774948006656,498863.0
820.9927897008894,1196.824193732162,0.6859760974088562,1.3864854226526393,0.43642546711130015,1000000,200000,2000,0.07958333333333333,9.416666666666666,0.1807816272020574,436425.0
1917.4078344001805,347.67352276629873,5.514966509799583,0.6061346906687373,0.4240658662135674,1000000,200000,2000,0.40887500000000004,0.0,0.010657268775625414,424065.0
1592.6526922887604,1364.7596017648498,1.1669840536232232,1.0623377990027798,0.6645660311125048,1000000,200000,2000,0.006208333333333334,42.80833333333334,0.3721200840182491,664566.0
262.26768129207824,201.0716548414575,1.304349345007744,0.2788897957150691,0.46789091361503327,1000000,200000,2000,0.026791666666666672,65.55,0.04098028466322629,467890.0
1287.7937367020459,335.9245153130888,3.8335806944658226,0.525805041000804,0.6632245327069434,1000000,200000,2000,0.020291666666666666,98.06666666666666,0.06310529828328505,663224.0
962.2090119323475,1476.0330536970548,0.6518885261561588,1.4309331709257458,0.6551856021258466,1000000,200000,2000,0.090625,10.433333333333337,0.18981093896016152,655185.0
994.5466763889895,1361.9260426163223,0.7302501349327455,0.8126155892638871,0.6177314166384466,1000000,200000,2000,0.004333333333333334,65.80833333333334,0.21059110413918755,617731.0
1599.2869153226577,913.4653096236057,1.7507910792820862,1.3184036140519058,0.4705155046298548,1000000,200000,2000,0.016958333333333336,14.991666666666667,0.48030604586910913,470515.0
382.63382495891784,383.2771483291254,0.9983215191069645,0.5184602756023114,0.6992065000260701,1000000,200000,2000,0.005583333333333333,115.4666666666667,0.09181954927212575,699206.0
305.30877193812626,429.4304913524196,0.710962025487774,0.37846179482065834,0.6230842605664599,1000000,200000,2000,0.015208333333333336,107.325,0.05691754499464021,623084.0
796.7424785209157,501.01039911932645,1.5902713395199493,0.5114590452719516,0.4833998719006642,1000000,200000,2000,4.1666666666666665e-05,98.825,0.29649295429215444,483399.0
486.1181357281061,859.0807074816563,0.5658585177091595,0.3867159899761954,0.460108443657582,1000000,200000,2000,0.0014583333333333334,97.075,0.10137530541712074,460108.0
870.5228263205735,857.713893345566,1.014933806102925,0.45918360460929897,0.5737671801178003,1000000,200000,2000,0.0,127.38333333333334,0.25333267012930744,573767.0
1304.4198288145308,371.6459379185841,3.5098455161920485,1.3662037577849029,0.5703120390453377,1000000,200000,2000,0.13045833333333334,0.0,0.10963082578783441,570312.0
311.5554782294914,1057.3306885077009,0.29466228646897186,1.1105088991992615,0.6304244333167786,1000000,200000,2000,0.185875,0.0,0.045676358835109565,630424.0
328.629977715978,1196.885469726537,0.27457094770401297,0.6079612733344767,0.6017967022395487,1000000,200000,2000,0.05541666666666667,60.916666666666664,0.047796701636974075,601796.0
960.8729064500453,684.0362844684546,1.4047104346178254,0.2216138342414827,0.5339856541922972,1000000,200000,2000,0.0,172.65,0.33615990965529935,533985.0
365.3243109627879,566.0750875081399,0.6453636964858213,1.057677322260719,0.47198172710978764,1000000,200000,2000,0.09566666666666668,18.958333333333336,0.07404873678716696,471981.0
645.9758276514184,1332.607625634072,0.4847457085082,1.0871106265896529,0.6492030184776986,1000000,200000,2000,0.055,27.416666666666668,0.12141244405329442,649203.0
198.61802269509684,1375.7573747208728,0.14436994948720114,1.438465591897005,0.6303629872649573,1000000,200000,2000,0.43095833333333333,0.0,0.023722245990117963,630362.0
682.4423374209024,119.56922034384493,5.7075084662959625,0.16870634040707255,0.5248061881152227,1000000,200000,2000,0.3685416666666667,0.0,0.01005449802639344,524806.0
189.50945599647002,460.76715504896566,0.41129115632456675,1.4330477163472026,0.6873437151028831,1000000,200000,2000,0.4229583333333333,0.0,0.024733828740773203,687343.0
268.2702350908629,793.5638211583017,0.33805754236538943,0.6831432407615606,0.6104151578283183,1000000,200000,2000,0.10191666666666667,29.90000000000003,0.038999923815755795,610415.0
766.5717922764367,1470.1229306532969,0.5214338041348594,1.2254324926341056,0.5780571698346411,1000000,200000,2000,0.0665,18.916666666666668,0.1431887224617521,578057.0
1457.4436393827518,538.7438324613388,2.705262782729565,0.5194370254482832,0.6738241028798573,1000000,200000,2000,0.0,139.10833333333335,0.3242114384514531,673824.0
412.54657557158936,1403.4241384171496,0.2939571611165813,1.0280727807542704,0.41600186439961,1000000,200000,2000,0.11070833333333335,1.8166666666666675,0.06332338324633459,416001.0
1998.9736112855257,1409.6101280132978,1.41810389380706,0.32109659681868086,0.6618288727603887,1000000,200000,2000,0.0,194.15,0.45846802673052683,661828.0
922.7248365978043,1150.209365894665,0.8022233725075635,0.6853634466003115,0.6407071525833405,1000000,200000,2000,0.0014583333333333334,91.98333333333333,0.2184135475533641,640707.0
426.9907037431848,632.3758370452794,0.6752166650425188,0.23481713961608272,0.6832917187995243,1000000,200000,2000,0.0005000000000000001,173.5583333333333,0.09445430759787465,683291.0
1657.505991423514,81.03676269947259,20.453753780496235,0.8407726234250903,0.5841744808724578,1000000,200000,2000,0.47670833333333335,0.0,0.009999999999999998,584174.0
1928.9536929760193,315.71289960833985,6.109834901801599,1.2065104878181565,0.6402223380878049,1000000,200000,2000,0.5572916666666666,0.0,0.010062432102013016,640222.0
217.93727604618505,1371.7534205749612,0.15887496453614683,0.9631264286553937,0.5366984608816585,1000000,200000,2000,0.25475,0.0,0.026507054868782454,536698.0
1871.3654456901613,747.0027263565506,2.505165482885993,1.023727225224518,0.6043447038618479,1000000,200000,2000,0.003708333333333333,43.64166666666667,0.42739930986620633,604344.0
1643.5157416578807,1015.2542006004587,1.6188219075437904,0.1062768284504888,0.6264518873815244,1000000,200000,2000,0.0,239.73333333333335,0.47185202950249155,626451.0
1273.8085884930763,524.2516736654602,2.4297654208461896,0.30483661936851925,0.5687424901158574,1000000,200000,2000,0.0,166.89166666666668,0.3611468190079417,568742.0
278.5059394263992,720.6195350522132,0.3864812510338341,0.7594282295503133,0.614115978167929,1000000,200000,2000,0.10445833333333336,13.49166666666669,0.04239503932475496,614115.0
1296.235878457736,186.38837496592376,6.954488866028897,1.4192212853130532,0.5445846503303302,1000000,200000,2000,0.6189166666666667,0.0,0.010000668554324221,544584.0
1481.5972113542896,83.87111375048931,17.665166767213055,1.2484529769836221,0.48182929948828646,1000000,200000,2000,0.5669166666666666,0.0,0.009999999999999998,481829.0
1264.6690407913093,433.74373970688936,2.9157055768595845,0.40384099871158063,0.5760414436635605,1000000,200000,2000,0.0,138.81666666666666,0.2369390045273766,576041.0
1307.9596213954574,1471.8298163600998,0.8886622671023878,0.7837530427883757,0.5273564780211855,1000000,200000,2000,0.0015000000000000002,63.5,0.2765298452494176,527356.0
1188.5568666979414,712.5376974200448,1.6680617334373549,0.9591961298942323,0.5084946531157517,1000000,200000,2000,0.0022500000000000003,42.416666666666664,0.4129821492872516,508494.0
1277.8322954340351,1499.7821597645245,0.8520119319426116,0.4943709695171704,0.5091535523734327,1000000,200000,2000,4.1666666666666665e-05,107.05,0.2645489493545959,509153.0
1967.2318794838966,537.2850304071197,3.661430652540712,1.220746800825393,0.5520278825804825,1000000,200000,2000,0.08670833333333333,16.808333333333334,0.11626875736763581,552027.0
495.0568829037707,195.09384263600325,2.5375320728467283,0.8370394900125676,0.5763467312223443,1000000,200000,2000,0.03908333333333334,38.81666666666666,0.08512961693045691,576346.0
1607.4757397219926,816.0076002371688,1.969927411527524,1.168744874484786,0.6525694798990387,1000000,200000,2000,0.007625000000000001,32.75,0.48368560734422344,652569.0
1204.9250735555852,409.329573053603,2.94365507130802,0.2849730232318559,0.6429098385269241,1000000,200000,2000,0.0,182.4,0.219782574374197,642909.0
1589.4822857919614,1159.7661745311932,1.3705196105020656,1.1339155685890012,0.4082443510421062,1000000,200000,2000,0.007833333333333335,22.075,0.4227630781041172,408244.0
211.61162449373933,1018.3110623802097,0.2078064673078542,0.8120663205732938,0.5226772678439855,1000000,200000,2000,0.21162499999999998,0.0,0.02655081859967698,522677.0
962.2640033332998,1458.146252051533,0.659922831457713,1.2074581404680613,0.45787972138202143,1000000,200000,2000,0.043375,16.658333333333335,0.19158981263416372,457879.0
195.0619302628139,146.77515098826365,1.3289847017661138,0.8703664415150382,0.669533093085529,1000000,200000,2000,0.27162499999999995,0.0,0.022017672225547846,669533.0
1578.7406610595324,952.6611765156302,1.6571900902205288,0.5521827343461302,0.6765710327268752,1000000,200000,2000,0.0,131.88333333333333,0.46999903494224354,676571.0
754.6388692509385,823.9656794827813,0.9158620171226542,0.8786069927797032,0.6686216369205231,1000000,200000,2000,0.006958333333333335,62.199999999999996,0.21114273916559453,668621.0
1453.6147529076168,887.3902458022626,1.6380783536711605,0.24271584623618417,0.6604893486425618,1000000,200000,2000,0.0,213.46666666666667,0.45345078438515524,660489.0
976.3987951705146,717.7698910944112,1.360322865705278,0.48738368995268444,0.5442030571401881,1000000,200000,2000,0.0,119.24166666666667,0.33429122596686905,544203.0
653.7205559870195,969.38416097367,0.6743668633190878,0.7361078004536641,0.587215019055834,1000000,200000,2000,0.006458333333333334,71.72500000000001,0.15109382104549948,587215.0
1117.6276546579652,886.9021291001372,1.260147673556636,0.4725194463734408,0.44747887992815716,1000000,200000,2000,0.0,98.73333333333335,0.34551192956133575,447478.0
1743.5727565488355,344.1240942335559,5.066697699363877,1.2139831834568244,0.5575338089870601,1000000,200000,2000,0.507625,0.0,0.012810784640664737,557533.0
806.5737771532132,281.05019923469484,2.86985662828039,0.24367534943724758,0.40515594541923017,1000000,200000,2000,0.0,113.21666666666668,0.14646810981745048,405155.0
1657.3301681843507,866.9019351878931,1.9117850600081305,0.45390719622343434,0.4495535836653266,1000000,200000,2000,0.0,105.23333333333335,0.49106832905222286,449553.0
1362.345585966117,65.24269902267255,20.881196001604515,1.3698250306916173,0.5958272017929913,1000000,200000,2000,0.6013750000000001,0.0,0.009999999999999998,595827.0
1446.3902490412634,1152.028493047224,1.2555160378155448,0.5941962108959334,0.49658043355933296,1000000,200000,2000,8.333333333333333e-05,89.71666666666665,0.3840909052397859,496580.0
253.51584572066915,858.9294120773197,0.29515329450360933,0.1646215513331323,0.43870693950900114,1000000,200000,2000,0.034749999999999996,64.075,0.03514378252494001,438706.0
880.2845590354879,857.3350634664228,1.0267684089301965,0.6926778383740506,0.43644656563683587,1000000,200000,2000,0.0004166666666666667,62.083333333333336,0.25749916475015894,436446.0
1947.728705441257,1224.3919766158908,1.5907721894949065,1.199423316186389,0.403892189894288,1000000,200000,2000,0.008875000000000003,18.583333333333332,0.4902314212064997,403892.0
1776.731014393289,1290.5322876171458,1.3767427839204753,1.406857281993572,0.4135239409523046,1000000,200000,2000,0.027458333333333335,10.491666666666667,0.43711504524517236,413523.0
1254.4573453751975,1323.8310905654316,0.9475962260709534,0.5264265376935303,0.4815354498122524,1000000,200000,2000,4.1666666666666665e-05,96.30833333333334,0.28833499571083543,481535.0
684.7136307225128,1235.8605224705482,0.5540379502969601,0.3308043348299575,0.6508849386700359,1000000,200000,2000,0.0,161.23333333333335,0.13775087022265228,650884.0
1288.449242201614,107.3972226784136,11.997044337540276,1.445508766819038,0.432657030099712,1000000,200000,2000,0.6169583333333334,0.0,0.009999999999999998,432657.0
222.19490870434538,81.38530311642643,2.7301601173185115,0.9832422415125804,0.49884604990571657,1000000,200000,2000,0.4001666666666666,0.0,0.01510918316519397,498846.0
306.2207790113948,1323.9554122022944,0.23129236542945275,0.6334457083402418,0.595710156193462,1000000,200000,2000,0.07245833333333333,63.15,0.04203311922075572,595710.0
1939.7314054551407,1070.0061583470188,1.8128226555739666,0.3600874750965841,0.5086957019103727,1000000,200000,2000,0.0,140.99166666666667,0.5140135231247644,508695.0
1766.2837289084855,954.7881740516787,1.8499220841971635,0.1005747173427714,0.5707023094125327,1000000,200000,2000,0.0,219.8166666666667,0.5015799875134243,570702.0
282.5052829722697,566.1292304543098,0.4990120060495086,0.8667330833534315,0.6458529412968271,1000000,200000,2000,0.11112500000000002,4.333333333333333,0.04613539278784229,645852.0
555.8378489420584,1269.7667184902416,0.43774800587225354,0.17497703375836532,0.6351982094880526,1000000,200000,2000,0.00016666666666666666,175.22500000000002,0.1011600078358333,635198.0
1474.5072668712962,750.0272990491898,1.9659381315060536,1.229487180867316,0.5730229060343817,1000000,200000,2000,0.011374999999999998,24.575,0.46590767928740745,573022.0
1496.280357269183,1377.1376809820808,1.086514716670985,0.162417152175646,0.5714231637030641,1000000,200000,2000,0.0,200.24166666666667,0.34384360740331693,571423.0
622.4906324267506,1169.7362240611724,0.5321632515282325,0.8524073672565342,0.4702893058342571,1000000,200000,2000,0.019041666666666665,40.80833333333333,0.12458343141837717,470289.0
1538.5109412574207,979.414031172554,1.570848376978545,0.6414921045350199,0.6087257932909242,1000000,200000,2000,0.0,103.86666666666667,0.4549461752325638,608725.0
1055.7746709365897,230.17795812264274,4.586775725823647,0.1919222898843324,0.5140182619831069,1000000,200000,2000,0.21024999999999996,0.0,0.016292097957821838,514018.0
1933.7164170297754,319.0981669332102,6.059942103755543,0.8213472117789304,0.6831502564465031,1000000,200000,2000,0.46875,0.0,0.010077343824055245,683150.0
404.94833140001583,934.638544889707,0.43326731345945313,0.8329931709435412,0.4502878222548928,1000000,200000,2000,0.051875000000000004,31.666666666666668,0.07209566596736437,450287.0
