feature,mean_abs_shap
gRNA_emb_600,1.2654870786667201e+28
gRNA_emb_297,1.1408701163179897e+28
gRNA_emb_809,1.246169623487305e+27
gRNA_emb_617,3.6997201102018034e+26
gRNA_emb_451,3.699720110201803e+26
gRNA_emb_45,4.124269646827708e+25
gRNA_emb_606,4.124269646827708e+25
gRNA_emb_342,177259973489977.03
gRNA_emb_384,176952754316317.8
gRNA_emb_435,26134685864820.105
gRNA_emb_439,20205745990008.203
gRNA_emb_491,20205745990008.2
gRNA_emb_838,14685239720070.004
gRNA_emb_168,13434969614636.156
gRNA_emb_321,11826672334455.428
gRNA_emb_1028,11826672334455.426
gRNA_emb_204,11449446144750.1
gRNA_emb_18,6853232087249.629
gRNA_emb_177,6581737527386.527
Average_Cell_Count,6411815287791.403
gRNA_emb_238,4998300150061.476
gRNA_emb_857,4798368144059.016
%_Successful_Edited_Cells,4537625926577.874
gRNA_emb_810,3415327220607.2437
gRNA_emb_72,3070869478012.206
gRNA_emb_198,3070869478012.205
gRNA_emb_1043,2970031711392.612
gRNA_emb_176,2922384351978.388
gRNA_emb_169,2904496561508.65
gRNA_emb_816,1924923286174.9045
gRNA_emb_189,1924923286174.9043
gRNA_emb_299,1728529094690.8105
gRNA_emb_873,1226966883385.821
gRNA_emb_229,1226966883385.8198
gRNA_emb_287,992256033588.1086
gRNA_emb_547,992256033588.1078
gRNA_emb_30,926092467228.7255
gRNA_emb_418,926092467228.7249
gRNA_emb_1,862080299277.5347
gRNA_emb_1017,766763694462.2186
gRNA_emb_618,568227593005.6737
gRNA_emb_503,568227593005.6737
gRNA_emb_478,510021990906.79236
gRNA_emb_794,499642966582.2682
gRNA_emb_81,409189306056.1003
gRNA_emb_538,332359310450.48816
gRNA_emb_1157,307219173659.2332
gRNA_emb_524,298723322468.26184
gRNA_emb_848,275834533107.8005
gRNA_emb_1239,220522778433.47714
gRNA_emb_71,220522778433.4771
gRNA_emb_484,211298668438.53055
gRNA_emb_806,202512244683.1215
gRNA_emb_326,202512244683.1213
gRNA_emb_1146,199932006002.4602
gRNA_emb_126,199932006002.46014
gRNA_emb_698,199932006002.46
gRNA_emb_970,199932006002.45978
gRNA_emb_91,152583244638.20862
gRNA_emb_703,149417698863.71594
gRNA_emb_562,147794402017.47043
gRNA_emb_930,99807046229.76794
gRNA_emb_767,92539905277.97249
gRNA_emb_412,82133295274.64932
gRNA_emb_252,79987219383.25906
gRNA_emb_408,79987219383.25894
gRNA_emb_422,78143803636.3077
gRNA_emb_1090,78143803636.30751
gRNA_emb_1177,71986216356.73648
gRNA_emb_1011,71986216356.73648
gRNA_emb_1015,57448578711.74498
gRNA_emb_513,56792969023.99334
gRNA_emb_946,56792969023.99323
gRNA_emb_86,56038194558.12303
gRNA_emb_378,56038194558.12174
gRNA_emb_65,45961772647.11946
gRNA_emb_203,45961772647.11876
gRNA_emb_1259,44995593852.418884
gRNA_emb_51,39244468631.461494
gRNA_emb_105,39244468631.46008
gRNA_emb_26,33681430055.82582
gRNA_emb_1099,33681430055.825424
gRNA_emb_236,32974379368.02517
gRNA_emb_735,32974379368.024975
gRNA_emb_1024,32973096714.858055
gRNA_emb_473,32973096714.857574
gRNA_emb_1020,32510618051.68838
gRNA_emb_999,32510618051.68838
gRNA_emb_565,29434262426.24756
gRNA_emb_582,29434262426.24755
gRNA_emb_61,21549588801.52609
gRNA_emb_502,19562648238.732754
gRNA_emb_469,19562648238.732216
gRNA_emb_377,12368299451.20115
gRNA_emb_536,10900711427.693676
gRNA_emb_104,6342648502.390602
gRNA_emb_132,6342648502.390474
gRNA_emb_472,5450355713.847047
gRNA_emb_874,3633570475.8986025
gRNA_emb_947,2080093604.9502764
gRNA_emb_828,1692475081.9590342
gRNA_emb_486,1692475081.958769
gRNA_emb_162,1046023808.0987952
gRNA_emb_319,790042607.6281924
gRNA_emb_507,790042607.6280084
gRNA_emb_707,617080662.762918
gRNA_emb_421,477627278.07470685
gRNA_emb_979,477627278.0745012
gRNA_emb_1036,0.007487023196102041
gRNA_emb_1076,0.007425320064754292
gRNA_emb_63,0.0034267420431903094
gRNA_emb_940,0.003295672793307459
gRNA_emb_115,0.0032128237943522503
gRNA_emb_21,0.002922694211208706
gRNA_emb_761,0.0026465704265422186
gRNA_emb_249,0.002441348814356491
gRNA_emb_448,0.002397059704445018
gRNA_emb_40,0.0020322028852433004
gRNA_emb_118,0.0018165346078474558
gRNA_emb_7,0.0018091055017380746
gRNA_Qubit (ng/ul),0.0016706001465120347
gRNA_emb_1054,0.0016239187546843146
gRNA_emb_1184,0.0015977235328075874
gRNA_emb_754,0.0015282354694894425
gRNA_emb_604,0.0014499397289687234
gRNA_emb_361,0.0014441509751147584
gRNA_emb_417,0.001442829750899028
gRNA_emb_1148,0.0012980893022830906
gRNA_emb_641,0.0012811130427248945
gRNA_emb_273,0.0012535417906662932
gRNA_emb_184,0.0011858056407493848
gRNA_emb_192,0.0011337493723206778
gRNA_emb_106,0.0011306010539761115
gRNA_emb_138,0.0010901324916161935
gRNA_emb_191,0.001071898326262812
gRNA_emb_55,0.0010487372289661747
gRNA_emb_253,0.0010431957995378533
gRNA_emb_506,0.0010424255527305404
gRNA_emb_33,0.0010030159854507626
gRNA_emb_32,0.0009873548510076103
gRNA_emb_240,0.0009854675696837226
gRNA_emb_972,0.0009638397509589112
gRNA_emb_544,0.0009539686060211065
gRNA_emb_595,0.0009475578327016811
gRNA_emb_330,0.0009127344909175822
gRNA_emb_15,0.0009101435948423885
gRNA_emb_94,0.000902662483024443
gRNA_emb_34,0.0008862897728131597
gRNA_emb_235,0.0008676390970411719
gRNA_emb_225,0.0008377001839783636
gRNA_emb_642,0.0008270402271614476
gRNA_emb_66,0.0008226219867937929
gRNA_emb_122,0.0008005200033025158
gRNA_emb_1198,0.0007993655591557874
gRNA_emb_145,0.000789600589626545
gRNA_emb_1266,0.0007722265400130216
gRNA_emb_787,0.0007680607521550864
gRNA_emb_53,0.0007607227649809308
gRNA_emb_464,0.0007606926032101176
gRNA_emb_489,0.0007603711863067631
gRNA_emb_12,0.0007571098981942266
gRNA_emb_786,0.00075600560241945
gRNA_emb_201,0.0007442328012183561
gRNA_emb_93,0.0007323815627294454
gRNA_emb_10,0.0007319110207712132
gRNA_emb_350,0.0007279593554611674
gRNA_emb_212,0.0007260130537349623
gRNA_emb_149,0.0007237274506791928
gRNA_emb_37,0.0007104898344874862
gRNA_emb_28,0.000710317101501003
gRNA_emb_125,0.0007096274969494848
gRNA_emb_694,0.0007083351984093747
gRNA_emb_232,0.0007014240352180306
gRNA_emb_182,0.0006927567438569424
gRNA_emb_842,0.0006921348108453148
gRNA_emb_1211,0.0006907495104700463
gRNA_emb_520,0.0006893993651210616
gRNA_emb_889,0.0006834033564528149
gRNA_emb_284,0.0006829133167754539
gRNA_emb_684,0.0006736496455267187
gRNA_emb_285,0.0006665002534779207
gRNA_emb_5,0.0006637487184581734
gRNA_emb_728,0.0006575156880042899
gRNA_emb_1127,0.0006565518513832053
gRNA_emb_1101,0.0006514994226275643
gRNA_emb_214,0.0006503361621594614
gRNA_emb_152,0.0006439600952865517
gRNA_emb_743,0.0006383106734592798
gRNA_emb_762,0.0006382887833449497
gRNA_emb_1153,0.0006366354837982536
gRNA_emb_207,0.000635887141647533
gRNA_emb_508,0.0006290475859755647
gRNA_emb_89,0.0006225846536147635
gRNA_emb_344,0.0006148109290370786
gRNA_emb_481,0.0006145955305589673
gRNA_emb_1238,0.0006139231424322115
gRNA_emb_654,0.0006106247767499344
gRNA_emb_447,0.0006088119970022663
gRNA_emb_96,0.0006048244861682465
gRNA_emb_195,0.0005988457515562954
gRNA_emb_826,0.0005970101096871563
gRNA_emb_968,0.0005966104526411209
gRNA_emb_729,0.0005962948112465385
gRNA_emb_563,0.0005913650041165362
gRNA_emb_837,0.0005868284234602155
gRNA_emb_637,0.0005803481730669594
gRNA_emb_98,0.0005742343909993184
gRNA_emb_411,0.0005729044609140458
gRNA_emb_13,0.0005653492721911609
gRNA_emb_773,0.0005650526389504292
gRNA_emb_996,0.000564659717770925
gRNA_emb_404,0.0005644038481994442
gRNA_emb_57,0.0005633135684783299
gRNA_emb_519,0.0005477623478932825
gRNA_emb_532,0.0005459213846166356
gRNA_emb_434,0.0005455940486159286
gRNA_emb_791,0.0005340498291334719
gRNA_emb_488,0.0005250024737818846
gRNA_emb_22,0.000524225604482984
gRNA_emb_455,0.0005217922332524227
gRNA_emb_1115,0.0005110100638539584
gRNA_emb_193,0.0005032757829760057
gRNA_emb_217,0.0004973021461343371
gRNA_emb_865,0.0004964725259177235
gRNA_emb_611,0.0004947074814346914
gRNA_emb_897,0.0004872680924374835
gRNA_emb_258,0.0004854718164582766
gRNA_emb_443,0.0004850666128511699
gRNA_emb_44,0.00048393684244792346
gRNA_emb_1064,0.00048100528667048244
gRNA_emb_1249,0.00047883206182321956
gRNA_emb_260,0.00047833227057469133
gRNA_emb_1269,0.00047829983782080124
gRNA_emb_405,0.0004781573276375344
gRNA_emb_528,0.0004778395765999585
gRNA_emb_568,0.00047625239922611693
gRNA_emb_375,0.00047569125063240945
gRNA_emb_381,0.0004733838719057801
gRNA_emb_23,0.0004673916472888717
gRNA_emb_31,0.0004666591278702768
gRNA_emb_460,0.00046222159760263986
gRNA_emb_129,0.0004600220538793953
gRNA_emb_1114,0.00045993991856585313
gRNA_emb_983,0.00045342288440324154
gRNA_emb_881,0.00045116288616235396
gRNA_emb_495,0.00045048189759890235
gRNA_emb_293,0.00044777501406631227
gRNA_emb_710,0.00044666602147441195
gRNA_emb_722,0.00044464417912066785
gRNA_emb_205,0.0004421372719793117
gRNA_emb_25,0.00044178846656545677
gRNA_emb_20,0.0004414404037233177
gRNA_emb_35,0.000436666445529925
gRNA_emb_113,0.0004366610404916952
gRNA_emb_789,0.00043386449096283577
gRNA_emb_958,0.0004328905560252116
gRNA_emb_522,0.00043276551751531765
gRNA_emb_1163,0.0004312582149463301
gRNA_emb_266,0.0004277347671351275
gRNA_emb_1049,0.00042720790983988375
gRNA_emb_931,0.0004259861925281904
gRNA_emb_629,0.000425654346405042
gRNA_emb_1263,0.000425415904500075
gRNA_emb_753,0.00042479593261409717
gRNA_emb_950,0.0004242478100304174
gRNA_emb_574,0.0004235128406874133
gRNA_emb_427,0.0004234299706221127
gRNA_emb_59,0.00041998664979013203
gRNA_emb_148,0.00041991028134095765
gRNA_emb_84,0.0004192235942265778
gRNA_emb_911,0.0004191714864857534
gRNA_emb_893,0.0004187660539754898
gRNA_emb_594,0.00041578616583756104
gRNA_emb_1026,0.00041485791354765357
gRNA_emb_580,0.00041443636668151514
gRNA_emb_702,0.0004140500532678668
gRNA_emb_349,0.00041264299074808097
gRNA_emb_1230,0.00041130569688211624
gRNA_emb_165,0.0004096221670757231
gRNA_emb_1000,0.0004089965040065326
gRNA_emb_1261,0.0004051722085859531
gRNA_emb_200,0.00040305282530446495
gRNA_emb_817,0.0004019623433133798
gRNA_emb_161,0.00040008559791801485
gRNA_emb_734,0.00039833627260997285
gRNA_emb_181,0.00039755113074480095
gRNA_emb_468,0.00039700084248060844
gRNA_emb_438,0.00039635787377565173
gRNA_emb_796,0.00039522930813084395
gRNA_emb_490,0.0003938636610312014
gRNA_emb_83,0.0003931651035795754
gRNA_emb_11,0.00039306567820347803
gRNA_emb_109,0.00039146073545813585
gRNA_emb_183,0.00039127759366411617
gRNA_emb_156,0.0003873937240882363
gRNA_emb_9,0.0003857892815893041
gRNA_emb_88,0.00037879677204320013
gRNA_emb_935,0.00037578517198103847
gRNA_emb_1077,0.00037542245337374023
gRNA_emb_633,0.00037303696033643276
gRNA_emb_646,0.0003726918797205994
gRNA_emb_159,0.0003714264958018014
gRNA_emb_1201,0.0003713270637066695
gRNA_emb_194,0.0003693129739208526
gRNA_emb_1229,0.0003651572972736386
gRNA_emb_499,0.00036467649857077167
gRNA_emb_459,0.0003644051751423044
gRNA_emb_839,0.0003625150932010039
gRNA_emb_924,0.00036235652043582213
gRNA_emb_1023,0.00036197352248599335
gRNA_emb_16,0.00036164196914653104
gRNA_emb_1107,0.00036122832040798097
gRNA_emb_42,0.0003608613160425488
gRNA_emb_1042,0.00036084808845464984
gRNA_emb_909,0.0003539837875293176
gRNA_emb_964,0.00035369513677330726
gRNA_emb_135,0.00034982641089935753
gRNA_emb_36,0.0003490473568295067
gRNA_emb_572,0.00034639256099324995
gRNA_emb_395,0.0003461186842320816
gRNA_emb_288,0.0003445251214749985
gRNA_emb_662,0.0003418275305197056
gRNA_emb_29,0.0003406686454367477
gRNA_emb_736,0.0003383202959652166
gRNA_emb_1169,0.0003375588378149539
gRNA_emb_379,0.0003375514493403574
gRNA_emb_771,0.0003370682417537493
gRNA_emb_690,0.00033214246348942897
gRNA_emb_437,0.00032670206510761434
gRNA_emb_730,0.00032553682615501763
gRNA_emb_678,0.0003250864097009604
gRNA_emb_1144,0.00032466455967931955
gRNA_emb_146,0.00032232023531091677
gRNA_emb_1010,0.0003220251913711495
gRNA_emb_117,0.0003211242746765218
gRNA_emb_714,0.00032051016151977334
gRNA_emb_1228,0.00031951583363507794
gRNA_emb_228,0.00031854450146693
gRNA_emb_41,0.00031796490282645477
gRNA_emb_393,0.00031601892665874436
gRNA_emb_534,0.000314223336503836
gRNA_emb_353,0.00031381790257179387
gRNA_emb_596,0.00031198827394852827
gRNA_emb_103,0.0003103260301700639
gRNA_emb_1097,0.00030696980266221266
gRNA_emb_392,0.0003044121181220018
gRNA_emb_496,0.000301500590794391
gRNA_emb_908,0.00030027222862146993
gRNA_emb_470,0.00029895589469760257
gRNA_emb_844,0.0002977602447494025
gRNA_emb_764,0.0002971830465341507
gRNA_emb_943,0.000295106562603875
gRNA_emb_0,0.0002937685816536054
gRNA_emb_131,0.00029160549454681383
gRNA_emb_864,0.0002902563865694757
gRNA_emb_1258,0.00028918666967540506
gRNA_emb_313,0.00028830658813776765
gRNA_emb_296,0.0002862141356001701
gRNA_emb_623,0.00028476586393579755
gRNA_emb_1221,0.00028364973939433983
gRNA_emb_926,0.00028172512017991314
gRNA_emb_717,0.00028075584219877664
gRNA_emb_233,0.00027769349900391265
gRNA_emb_657,0.0002776022887165163
gRNA_emb_52,0.00027731308180440993
gRNA_emb_802,0.00027613925625967234
gRNA_emb_480,0.00027601551170816483
gRNA_emb_1204,0.00027566756870411543
gRNA_emb_213,0.0002746193401766086
gRNA_emb_39,0.00027253612004328427
HDR_Qubit(ng/ul),0.0002723483226814618
gRNA_emb_334,0.00027130368223009807
gRNA_emb_406,0.00027065959417452406
gRNA_emb_827,0.0002698010628172812
gRNA_emb_60,0.0002692390688589675
gRNA_emb_298,0.0002687415684743355
gRNA_emb_1039,0.0002672247450782174
gRNA_emb_739,0.0002667598577176441
gRNA_emb_1106,0.0002666996698951914
gRNA_emb_887,0.0002659006870591353
gRNA_emb_650,0.0002653123261627018
gRNA_emb_27,0.0002647233974664631
gRNA_emb_1165,0.0002611386593141908
gRNA_emb_398,0.0002603938395757626
gRNA_emb_241,0.00025850153065306507
gRNA_emb_85,0.00025736734857436836
gRNA_emb_1102,0.0002565919949780997
gRNA_emb_95,0.0002521068361881274
gRNA_emb_386,0.00025130932546025463
gRNA_emb_691,0.00024902565691408145
gRNA_emb_43,0.0002490158159162898
gRNA_emb_453,0.0002479816620100521
gRNA_emb_709,0.00024694902388044346
gRNA_emb_359,0.0002462867057596747
gRNA_emb_431,0.0002446079887694893
gRNA_emb_765,0.00024458499026390153
gRNA_emb_251,0.00024425611520261035
gRNA_emb_711,0.00024372027229570896
gRNA_emb_1193,0.00024338807805944604
gRNA_emb_108,0.00024313526665608728
gRNA_emb_689,0.00024249599849309554
gRNA_emb_352,0.00024145738709674148
gRNA_emb_634,0.0002402015196919667
gRNA_emb_446,0.00023941953451100923
gRNA_emb_6,0.00023862203600749667
gRNA_emb_1188,0.00023789195467525945
gRNA_emb_134,0.00023751595516555209
gRNA_emb_1255,0.00023744540622746288
gRNA_emb_902,0.0002373959098599274
gRNA_emb_570,0.0002366036273865005
gRNA_emb_666,0.00023630920741094685
gRNA_emb_1236,0.00023629699199589153
gRNA_emb_566,0.0002360043534712473
gRNA_emb_856,0.00023449798932730063
gRNA_emb_605,0.00023447567728461153
gRNA_emb_172,0.00023419309471250344
gRNA_emb_578,0.00023345518987746996
gRNA_emb_75,0.0002321338752271708
gRNA_emb_76,0.00023108747745540582
gRNA_emb_939,0.0002310003706604178
gRNA_emb_54,0.00023046910824669575
gRNA_emb_628,0.00023027603140415991
gRNA_emb_1034,0.00022929492054840996
gRNA_emb_635,0.0002288068295915863
gRNA_emb_560,0.00022802555434828185
gRNA_emb_1001,0.0002269238022329946
gRNA_emb_539,0.00022583676427627693
gRNA_emb_180,0.000225186104962236
gRNA_emb_758,0.00022368230935643403
gRNA_emb_424,0.0002235832371316502
gRNA_emb_1234,0.00022339921904372792
gRNA_emb_370,0.0002217379963108265
gRNA_emb_501,0.00022155386072191313
gRNA_emb_254,0.00022057515915140956
gRNA_emb_462,0.00022055288945405929
gRNA_emb_858,0.00021898121195119936
gRNA_emb_282,0.00021816263164472601
gRNA_emb_179,0.00021814776569298666
gRNA_emb_878,0.00021810718985201892
gRNA_emb_17,0.00021752748447035537
gRNA_emb_242,0.00021751119237626939
gRNA_emb_413,0.00021710563425475726
gRNA_emb_199,0.00021705508807661622
gRNA_emb_1278,0.0002167623068314745
gRNA_emb_362,0.0002159508100387892
gRNA_emb_884,0.00021472794775510495
gRNA_emb_592,0.0002140153366838884
gRNA_emb_589,0.0002120718794986958
gRNA_emb_264,0.0002120358823747467
gRNA_emb_1059,0.0002117993297532174
gRNA_emb_515,0.0002110549421521255
gRNA_emb_847,0.00021076502916193298
gRNA_emb_1191,0.00020979022312605185
gRNA_emb_243,0.00020973380517558027
gRNA_emb_1159,0.00020966256657229787
gRNA_emb_579,0.00020942988559239232
gRNA_emb_696,0.00020897953034401022
gRNA_emb_973,0.00020863345108348448
gRNA_emb_498,0.0002085915880530674
gRNA_emb_1117,0.00020793515423374212
gRNA_emb_1272,0.00020756746857579917
gRNA_emb_1244,0.00020727802126118834
gRNA_emb_1092,0.000204939763495138
gRNA_emb_302,0.00020479433121739268
gRNA_emb_672,0.00020469692681203254
gRNA_emb_1118,0.00020423430913561343
gRNA_emb_188,0.00020369614713604617
gRNA_emb_917,0.00020340045253963897
gRNA_emb_834,0.00020093834186514956
gRNA_emb_903,0.00020077812400891306
gRNA_emb_720,0.00020055130067584982
gRNA_emb_737,0.00020025841240733263
gRNA_emb_1181,0.00019987223160673008
gRNA_emb_752,0.0001998391793826968
gRNA_emb_483,0.000199783272352876
gRNA_emb_559,0.00019961281945859655
gRNA_emb_309,0.00019939787939505022
gRNA_emb_588,0.00019931652454116428
gRNA_emb_1112,0.00019912468392868047
gRNA_emb_1005,0.0001988577933671515
gRNA_emb_957,0.00019827418938273645
gRNA_emb_295,0.0001980134292853411
gRNA_emb_671,0.00019786576332612632
gRNA_emb_458,0.0001971113875155891
gRNA_emb_673,0.00019706144849557835
gRNA_emb_647,0.00019682193821472481
gRNA_emb_366,0.00019661664182804394
gRNA_emb_1126,0.00019658099328542103
gRNA_emb_763,0.00019497200983203955
gRNA_emb_861,0.00019463543869752115
gRNA_emb_441,0.00019417584568291244
gRNA_emb_653,0.00019388062751769333
gRNA_emb_68,0.0001929091343011799
gRNA_emb_569,0.00019290903658678274
gRNA_emb_832,0.00019289341180642465
gRNA_emb_564,0.00019265296228761396
gRNA_emb_1120,0.00019211555525351501
gRNA_emb_825,0.00019163154677309994
gRNA_emb_706,0.00019069712444847795
gRNA_emb_934,0.0001896594092014593
gRNA_emb_208,0.00018868097100807583
gRNA_emb_745,0.00018785178716553274
gRNA_emb_1152,0.0001877088392907308
gRNA_emb_121,0.00018768522686264297
gRNA_emb_1178,0.00018744965689472008
gRNA_emb_281,0.00018720941603985508
gRNA_emb_1199,0.0001871606456597455
gRNA_emb_988,0.00018642322629463222
gRNA_emb_808,0.00018638517040965987
gRNA_emb_383,0.0001855451476930034
gRNA_emb_546,0.00018451744821250393
gRNA_emb_667,0.00018424010703881654
gRNA_emb_336,0.00018419209971039363
gRNA_emb_914,0.0001841212559310342
gRNA_emb_48,0.00018271839951767812
gRNA_emb_327,0.00018196654218887242
gRNA_emb_1265,0.0001818935147323664
gRNA_emb_127,0.00018135416140165636
gRNA_emb_800,0.0001808735480013369
gRNA_emb_341,0.00018058832902619526
gRNA_emb_713,0.00017885796201825476
gRNA_emb_14,0.0001782806160652806
gRNA_emb_1189,0.00017699164952195585
gRNA_emb_46,0.0001763703966228005
gRNA_emb_380,0.0001761750391968623
gRNA_emb_155,0.0001749924641696751
gRNA_emb_590,0.00017455230035580394
gRNA_emb_1056,0.0001742947238088372
gRNA_emb_49,0.00017420207385587076
gRNA_emb_877,0.00017159343897638085
gRNA_emb_1140,0.00017124951899320646
gRNA_emb_276,0.0001711403116278109
gRNA_emb_8,0.00017037308394807714
gRNA_emb_759,0.00016961879008423264
gRNA_emb_322,0.00016818695934839504
gRNA_emb_402,0.00016654376180727222
gRNA_emb_1210,0.00016596843291654398
gRNA_emb_1277,0.00016557703847173256
gRNA_emb_1197,0.00016512667082579986
gRNA_emb_869,0.00016486240908363157
gRNA_emb_656,0.00016339137134754165
gRNA_emb_526,0.00016296260848605798
gRNA_emb_636,0.00016292273132944164
gRNA_emb_621,0.00016276737502874238
gRNA_emb_147,0.00016266468747518052
gRNA_emb_419,0.0001619327123028019
gRNA_emb_724,0.00016186953688301597
gRNA_emb_550,0.00016163494754678893
gRNA_emb_497,0.00016110655999977908
gRNA_emb_2,0.0001610995585515906
gRNA_emb_648,0.00016065347002420887
gRNA_emb_1203,0.00016038944656337218
gRNA_emb_674,0.00015963564979605815
gRNA_emb_639,0.00015907755626616788
gRNA_emb_416,0.00015878110807706516
gRNA_emb_953,0.00015842984697504766
gRNA_emb_797,0.00015646006106685256
gRNA_emb_727,0.000156364601163227
gRNA_emb_227,0.00015541668054427902
gRNA_emb_1240,0.0001551387278518501
gRNA_emb_669,0.00015490192552186334
gRNA_emb_209,0.0001548297645156881
gRNA_emb_535,0.00015482745968009676
gRNA_emb_1223,0.00015476036987325655
gRNA_emb_963,0.00015393400686291304
gRNA_emb_160,0.0001526108762752204
gRNA_emb_19,0.00015249592697629696
gRNA_emb_581,0.0001524392748434217
gRNA_emb_371,0.00015213919269107894
gRNA_emb_1218,0.00015123644780202033
gRNA_emb_140,0.00015055211339018817
gRNA_emb_693,0.00015044410046137323
gRNA_emb_1213,0.00014983954153987653
gRNA_emb_262,0.00014857653902688515
gRNA_emb_741,0.00014775455391299687
gRNA_emb_951,0.0001472636823364178
gRNA_emb_1222,0.00014610539109128522
gRNA_emb_442,0.00014605606855218545
gRNA_emb_602,0.00014528523297915833
gRNA_emb_822,0.00014428341795399285
gRNA_emb_64,0.00014418862497905284
gRNA_emb_426,0.0001440113856735551
gRNA_emb_632,0.00014372630974792948
gRNA_emb_795,0.0001435686352712409
gRNA_emb_782,0.00014341746199676418
gRNA_emb_163,0.00014331826328919673
gRNA_emb_819,0.00014310453797387721
gRNA_emb_196,0.00014280749711543018
gRNA_emb_1038,0.0001427690196671867
gRNA_emb_1069,0.00014188648992999962
gRNA_emb_990,0.00014036553815758806
gRNA_emb_347,0.00013981873021990955
gRNA_emb_410,0.0001396954638170936
gRNA_emb_980,0.00013966129950446343
gRNA_emb_399,0.00013956378381331869
gRNA_emb_174,0.00013930586102009316
gRNA_emb_493,0.00013924555769032133
gRNA_emb_77,0.00013887355219797178
gRNA_emb_303,0.0001385515638169512
gRNA_emb_852,0.0001376686604533971
gRNA_emb_292,0.00013624904896579256
gRNA_emb_514,0.00013592271225777939
gRNA_emb_540,0.00013577550374010636
gRNA_emb_644,0.0001350164130160983
gRNA_emb_1212,0.00013487934132437376
gRNA_emb_829,0.00013451503054866227
gRNA_emb_1055,0.00013384471080083322
gRNA_emb_726,0.0001337685924693288
gRNA_emb_87,0.000133453745352574
gRNA_emb_768,0.00013238259760837311
gRNA_emb_141,0.00013210618618440023
gRNA_emb_993,0.0001320501281333162
gRNA_emb_885,0.00013187514566299278
gRNA_emb_1119,0.00013181782873129662
gRNA_emb_1002,0.0001317327781122223
gRNA_emb_576,0.0001309444813024069
gRNA_emb_700,0.00013073513832342228
gRNA_emb_1041,0.00012970569899074826
gRNA_emb_274,0.000128747453460653
gRNA_emb_4,0.00012869874283018897
gRNA_emb_430,0.0001281723689893206
gRNA_emb_436,0.00012765451910333185
gRNA_emb_1122,0.00012760116452378799
gRNA_emb_998,0.00012658284891182774
gRNA_emb_415,0.00012646598300576381
gRNA_emb_625,0.0001257882685920306
gRNA_emb_310,0.00012526136929674254
gRNA_emb_974,0.00012512253890404153
gRNA_emb_78,0.00012458013823964692
gRNA_emb_1128,0.00012425438283547203
gRNA_emb_325,0.00012348230078751863
gRNA_emb_1025,0.00012243984832369835
gRNA_emb_360,0.00012165112102052362
gRNA_emb_456,0.00012044418280709178
gRNA_emb_716,0.00012029865369870791
gRNA_emb_978,0.00011836439707560914
gRNA_emb_123,0.00011640118591476856
gRNA_emb_1172,0.00011598175910028735
gRNA_emb_275,0.00011597171023936525
gRNA_emb_553,0.00011529637130183562
gRNA_emb_351,0.00011497680630149827
gRNA_emb_616,0.00011487907701836809
gRNA_emb_1205,0.00011441072135792528
gRNA_emb_166,0.00011356770810567938
gRNA_emb_904,0.00011338451823491593
gRNA_emb_449,0.00011317807920952015
gRNA_emb_318,0.00011274682805621876
gRNA_emb_1033,0.00011239938064444953
gRNA_emb_597,0.00011199250474404872
gRNA_emb_1209,0.00011079382815510596
gRNA_emb_1216,0.000110352174553006
gRNA_emb_338,0.00010996909885371896
gRNA_emb_387,0.00010879370635281954
gRNA_emb_365,0.00010871372775031886
gRNA_emb_818,0.0001086907919042489
gRNA_emb_748,0.00010867886673997262
gRNA_emb_922,0.00010738958553500754
gRNA_emb_793,0.00010703088481956374
gRNA_emb_272,0.00010687341206843107
gRNA_emb_97,0.00010662922464849742
gRNA_emb_24,0.00010594592302549308
gRNA_emb_58,0.00010557908343722237
gRNA_emb_315,0.00010533801888975142
gRNA_emb_178,0.00010533292768561866
gRNA_emb_248,0.00010497727819572382
gRNA_emb_905,0.00010479998356023343
gRNA_emb_813,0.00010335770092112608
gRNA_emb_263,0.0001033413238020577
gRNA_emb_668,0.0001033170834618555
gRNA_emb_1131,0.00010281138296509504
gRNA_emb_645,0.00010249659652346051
gRNA_emb_870,0.00010165784770184021
gRNA_emb_348,0.00010075089944707175
gRNA_emb_358,0.00010016232685772522
gRNA_emb_1194,9.999248006359454e-05
gRNA_emb_866,9.97094309599874e-05
gRNA_emb_128,9.948331857360838e-05
gRNA_emb_357,9.938390225803938e-05
gRNA_emb_790,9.901545689297606e-05
gRNA_emb_945,9.87046177193558e-05
gRNA_emb_1173,9.848566677467163e-05
gRNA_emb_474,9.840252972585775e-05
gRNA_emb_286,9.793055589339876e-05
gRNA_emb_372,9.773360261286276e-05
gRNA_emb_841,9.754879565623179e-05
gRNA_emb_640,9.722159220893953e-05
gRNA_emb_533,9.718072814572168e-05
gRNA_emb_476,9.631216280059608e-05
gRNA_emb_111,9.553670262896012e-05
gRNA_emb_1123,9.478422321115493e-05
gRNA_emb_788,9.455550851187331e-05
gRNA_emb_70,9.440046778503136e-05
gRNA_emb_1081,9.382383845575079e-05
gRNA_emb_807,9.368782800294575e-05
gRNA_emb_67,9.361483541929498e-05
gRNA_emb_1150,9.356213015547908e-05
gRNA_emb_850,9.335852393214833e-05
gRNA_emb_137,9.169056351764352e-05
gRNA_emb_853,9.157669371950368e-05
gRNA_emb_239,9.151577997074793e-05
gRNA_emb_868,9.132109729059724e-05
gRNA_emb_708,9.079224560086677e-05
gRNA_emb_683,9.012745795531847e-05
gRNA_emb_718,8.9133712989877e-05
gRNA_emb_257,8.897864699547975e-05
gRNA_emb_467,8.876633328312897e-05
gRNA_emb_1045,8.838011278530936e-05
gRNA_emb_1227,8.663733484457735e-05
gRNA_emb_343,8.637294688049032e-05
gRNA_emb_222,8.632236491396858e-05
gRNA_emb_746,8.626985397188417e-05
gRNA_emb_1030,8.596634243414045e-05
gRNA_emb_751,8.577395160220855e-05
gRNA_emb_110,8.57107687298169e-05
gRNA_emb_62,8.514355187302706e-05
gRNA_emb_1182,8.507370824666049e-05
gRNA_emb_898,8.499023579920949e-05
gRNA_emb_1111,8.433822040223855e-05
gRNA_emb_613,8.406134439456475e-05
gRNA_emb_561,8.368337760353693e-05
gRNA_emb_280,8.367383041690548e-05
gRNA_emb_824,8.309558716563342e-05
gRNA_emb_1130,8.279573974423506e-05
gRNA_emb_916,8.214888216439492e-05
gRNA_emb_977,8.187891780154714e-05
gRNA_emb_279,8.167367560763852e-05
gRNA_emb_1270,8.16490264643912e-05
gRNA_emb_1073,8.132691845024068e-05
gRNA_emb_170,8.089913967663118e-05
gRNA_emb_301,8.083309208867745e-05
gRNA_emb_732,8.081519257923986e-05
gRNA_emb_246,7.988505500587316e-05
gRNA_emb_712,7.942715986806725e-05
gRNA_emb_1022,7.89641593340182e-05
gRNA_emb_1013,7.861884778610412e-05
gRNA_emb_1125,7.844094952528978e-05
gRNA_emb_504,7.779468670094317e-05
gRNA_emb_719,7.756915334191478e-05
gRNA_emb_984,7.721666050558087e-05
gRNA_emb_586,7.698491829017554e-05
gRNA_emb_1190,7.68476264411872e-05
gRNA_emb_680,7.656782554320376e-05
gRNA_emb_167,7.632073849455869e-05
gRNA_emb_1180,7.58497628781538e-05
gRNA_emb_1057,7.567299298123412e-05
gRNA_emb_1262,7.56558769867098e-05
gRNA_emb_1006,7.527445065968895e-05
gRNA_emb_261,7.517276459772108e-05
gRNA_emb_521,7.46598835330771e-05
gRNA_emb_397,7.360958265683297e-05
gRNA_emb_482,7.320362685179563e-05
gRNA_emb_124,7.297786246844795e-05
gRNA_emb_80,7.208840266294455e-05
gRNA_emb_927,7.1900344941865e-05
gRNA_emb_778,7.156837324632082e-05
gRNA_emb_445,7.140721024850731e-05
gRNA_emb_190,7.115625255305023e-05
gRNA_emb_1202,7.093325674427545e-05
gRNA_emb_74,7.07945793115983e-05
gRNA_emb_339,7.028003564183448e-05
gRNA_emb_328,6.99111474477221e-05
gRNA_emb_966,6.927619103911879e-05
gRNA_emb_1214,6.904663082573697e-05
gRNA_emb_1072,6.879387931648688e-05
gRNA_emb_888,6.802605753172717e-05
gRNA_emb_631,6.718058725523246e-05
gRNA_emb_967,6.658182316373973e-05
gRNA_emb_959,6.653785184610954e-05
gRNA_emb_1021,6.645666964030556e-05
gRNA_emb_364,6.610520209607008e-05
gRNA_emb_211,6.586544521355322e-05
gRNA_emb_38,6.56723726909934e-05
gRNA_emb_1016,6.551698543512356e-05
gRNA_emb_1158,6.529109686169385e-05
gRNA_emb_340,6.512651689490992e-05
gRNA_emb_363,6.50988688063618e-05
gRNA_emb_937,6.508481936185881e-05
gRNA_emb_1243,6.496331252086195e-05
gRNA_emb_557,6.489661377710364e-05
gRNA_emb_986,6.427252727985561e-05
gRNA_emb_512,6.426502701926521e-05
gRNA_emb_230,6.425036385973106e-05
gRNA_emb_688,6.379981118577418e-05
gRNA_emb_1245,6.33713629823662e-05
gRNA_emb_1018,6.313531495600569e-05
gRNA_emb_158,6.291186084062176e-05
gRNA_emb_324,6.282455615594868e-05
gRNA_emb_883,6.189465574184352e-05
gRNA_emb_1027,6.183702859174307e-05
gRNA_emb_102,6.136538337258138e-05
gRNA_emb_1070,6.10454423101168e-05
gRNA_emb_173,6.101372704746082e-05
gRNA_emb_750,6.0723198505279517e-05
gRNA_emb_1196,6.069655849235716e-05
gRNA_emb_620,6.0328986996919066e-05
gRNA_emb_1179,6.001665612981601e-05
gRNA_emb_652,5.992884750525188e-05
gRNA_emb_742,5.990038568852716e-05
gRNA_emb_385,5.9307041151484354e-05
gRNA_emb_432,5.9188913439433646e-05
gRNA_emb_798,5.8969769148172925e-05
gRNA_emb_1241,5.892300716808119e-05
gRNA_emb_801,5.7944046069987905e-05
gRNA_emb_901,5.7874958262443735e-05
gRNA_emb_651,5.732729526711359e-05
gRNA_emb_991,5.699777839980717e-05
gRNA_emb_995,5.685487130592633e-05
gRNA_emb_1103,5.673145059371993e-05
gRNA_emb_1138,5.600488901521894e-05
gRNA_emb_892,5.543594269523345e-05
gRNA_emb_142,5.542514133453882e-05
gRNA_emb_558,5.463714751392389e-05
gRNA_emb_1220,5.411523797957704e-05
gRNA_emb_760,5.409690980725689e-05
gRNA_emb_619,5.404057280467232e-05
gRNA_emb_677,5.3434634285266004e-05
gRNA_emb_312,5.28708166138992e-05
gRNA_emb_403,5.283070597247233e-05
gRNA_emb_215,5.282166130438922e-05
gRNA_emb_1224,5.218945825541509e-05
gRNA_emb_73,5.1604683269029676e-05
gRNA_emb_1062,5.138413194113226e-05
gRNA_emb_854,5.110567251996966e-05
gRNA_emb_1058,5.095951918601227e-05
gRNA_emb_612,5.092983516181946e-05
gRNA_emb_337,5.0807395096288466e-05
gRNA_emb_164,5.0754136047681295e-05
gRNA_emb_575,5.07235613897262e-05
gRNA_emb_186,5.066779961247321e-05
gRNA_emb_1063,5.008886546995043e-05
gRNA_emb_1257,4.990937415258944e-05
gRNA_emb_601,4.9681021800333614e-05
gRNA_emb_1061,4.9410900537567046e-05
gRNA_emb_316,4.846392291177101e-05
gRNA_emb_136,4.816950189356404e-05
gRNA_emb_929,4.803008543862081e-05
gRNA_emb_912,4.801144781681996e-05
gRNA_emb_1160,4.798530291656376e-05
gRNA_emb_692,4.794749410072157e-05
gRNA_emb_283,4.773990989914079e-05
gRNA_emb_567,4.765265904342951e-05
gRNA_emb_237,4.758906320832257e-05
gRNA_emb_956,4.746306832445967e-05
gRNA_emb_725,4.691830378397525e-05
gRNA_emb_355,4.685368552695001e-05
gRNA_emb_56,4.6432544490869105e-05
gRNA_emb_1012,4.613146622807669e-05
gRNA_emb_1264,4.595368449978335e-05
gRNA_emb_1134,4.56351398381393e-05
gRNA_emb_811,4.544249222490219e-05
gRNA_emb_890,4.5434507745722595e-05
gRNA_emb_463,4.503403563757658e-05
gRNA_emb_1187,4.458835355304885e-05
gRNA_emb_409,4.454407739937356e-05
gRNA_emb_465,4.432825973901372e-05
gRNA_emb_638,4.424790978332982e-05
gRNA_emb_774,4.418991483917443e-05
gRNA_emb_1185,4.413796751848426e-05
gRNA_emb_548,4.412308185464365e-05
gRNA_emb_400,4.4011784435781674e-05
gRNA_emb_1074,4.363332735627798e-05
gRNA_emb_969,4.305096104624523e-05
gRNA_emb_247,4.273257379275027e-05
gRNA_emb_805,4.209126357007436e-05
gRNA_emb_332,4.164727797390797e-05
gRNA_emb_1080,4.1070427312954096e-05
gRNA_emb_899,4.0990472575431e-05
gRNA_emb_556,4.0740655372577747e-05
gRNA_emb_531,4.053736065293825e-05
gRNA_emb_144,4.0394715695386114e-05
gRNA_emb_231,4.026751032868969e-05
gRNA_emb_1276,4.020910450219275e-05
gRNA_emb_609,4.015960271273176e-05
gRNA_emb_114,4.006671387994311e-05
gRNA_emb_1014,3.9922997439932645e-05
gRNA_emb_920,3.933195183578524e-05
gRNA_emb_987,3.8989072139638774e-05
gRNA_emb_603,3.897466829138222e-05
gRNA_emb_975,3.8545648328334857e-05
gRNA_emb_721,3.849834447471179e-05
gRNA_emb_1215,3.805869471806764e-05
gRNA_emb_100,3.7854873229228395e-05
gRNA_emb_1068,3.762146292907929e-05
gRNA_emb_1149,3.747943078768783e-05
gRNA_emb_630,3.742913857205198e-05
gRNA_emb_79,3.716115751389311e-05
gRNA_emb_226,3.702664740659991e-05
gRNA_emb_571,3.695970477831163e-05
gRNA_emb_1096,3.6655783105152556e-05
gRNA_emb_1260,3.61486153617597e-05
gRNA_emb_1129,3.5923755964729185e-05
gRNA_emb_216,3.585683258802639e-05
gRNA_emb_523,3.582555230614888e-05
gRNA_emb_1167,3.5751803509982824e-05
gRNA_emb_913,3.5668574000326475e-05
gRNA_emb_333,3.525377396300754e-05
gRNA_emb_185,3.4683001358329376e-05
gRNA_emb_664,3.467626445764657e-05
gRNA_emb_554,3.460842589548676e-05
gRNA_emb_245,3.4474562531639063e-05
gRNA_emb_747,3.440084654271752e-05
gRNA_emb_895,3.4193389645624206e-05
gRNA_emb_494,3.4112680110215956e-05
gRNA_emb_955,3.401698880005303e-05
gRNA_emb_139,3.3956035634984436e-05
gRNA_emb_723,3.386217005296558e-05
gRNA_emb_846,3.375573015517861e-05
gRNA_emb_440,3.3573258633004856e-05
gRNA_emb_376,3.354444065393905e-05
gRNA_emb_804,3.34155098726719e-05
gRNA_emb_614,3.3348313622831244e-05
gRNA_emb_1273,3.32253220228895e-05
gRNA_emb_1274,3.3219751847714486e-05
gRNA_emb_777,3.296810314286702e-05
gRNA_emb_1093,3.259621119387466e-05
gRNA_emb_220,3.231087897832303e-05
gRNA_emb_537,3.2294174637935175e-05
gRNA_emb_543,3.2121658688084754e-05
gRNA_emb_210,3.208227951010275e-05
gRNA_emb_429,3.1881663637170894e-05
gRNA_emb_1108,3.1801071547313636e-05
gRNA_emb_1145,3.1789007217987055e-05
gRNA_emb_896,3.1773813822020504e-05
gRNA_emb_1132,3.1772513307581987e-05
gRNA_emb_1091,3.163310266202592e-05
gRNA_emb_859,3.1252637157243766e-05
gRNA_emb_1009,3.1134141698830665e-05
gRNA_emb_1208,3.11226801275929e-05
gRNA_emb_952,3.103999127094772e-05
gRNA_emb_116,3.098732037493843e-05
gRNA_emb_820,3.0887252009762834e-05
gRNA_emb_389,3.07752854995066e-05
gRNA_emb_608,3.064660223065738e-05
gRNA_emb_695,3.0574130640394934e-05
gRNA_emb_699,3.041237400092245e-05
gRNA_emb_356,3.040468364546554e-05
gRNA_emb_757,3.0402179012114486e-05
gRNA_emb_517,3.0400145634132402e-05
gRNA_emb_1162,3.0237345989575798e-05
gRNA_emb_1051,3.0087836902755693e-05
gRNA_emb_1121,2.994881371151405e-05
gRNA_emb_401,2.985983430787979e-05
gRNA_emb_961,2.9763351930100956e-05
gRNA_emb_510,2.967354974888779e-05
gRNA_emb_1170,2.9518331483194752e-05
gRNA_emb_675,2.9108027506450232e-05
gRNA_emb_879,2.904599750038427e-05
gRNA_emb_599,2.8981502103560524e-05
gRNA_emb_270,2.8687221442050303e-05
gRNA_emb_960,2.8623322275369674e-05
gRNA_emb_907,2.8485916252647727e-05
gRNA_emb_518,2.8478013548508606e-05
gRNA_emb_527,2.8458696514160995e-05
gRNA_emb_891,2.8323777905000665e-05
gRNA_emb_875,2.808124779387523e-05
gRNA_emb_928,2.7914918739294106e-05
gRNA_emb_925,2.7858060171038667e-05
gRNA_emb_663,2.7856598493617352e-05
gRNA_emb_197,2.7721958023954873e-05
gRNA_emb_1100,2.723398152511577e-05
gRNA_emb_814,2.7139365189736875e-05
gRNA_emb_835,2.682031295267287e-05
gRNA_emb_99,2.6792814439955764e-05
gRNA_emb_112,2.6543054059940575e-05
gRNA_emb_1151,2.6403715115785938e-05
gRNA_emb_766,2.6372632509872516e-05
gRNA_emb_661,2.6170241215226716e-05
gRNA_emb_799,2.6143508443772128e-05
gRNA_emb_994,2.59708807114663e-05
gRNA_emb_120,2.5860302749396465e-05
gRNA_emb_492,2.5797383438873877e-05
gRNA_emb_1109,2.5491093669929124e-05
gRNA_emb_1161,2.5386638847766985e-05
gRNA_emb_151,2.5362281890090997e-05
gRNA_emb_154,2.5280549724330156e-05
gRNA_emb_855,2.5194316070033718e-05
gRNA_emb_876,2.5175649708502458e-05
gRNA_emb_962,2.5139533361833894e-05
gRNA_emb_317,2.505866093252086e-05
gRNA_emb_976,2.4941723454956075e-05
gRNA_emb_277,2.489995693452889e-05
gRNA_emb_886,2.47551949694071e-05
gRNA_emb_921,2.475152038719845e-05
gRNA_emb_221,2.4727616408292653e-05
gRNA_emb_965,2.469319404272758e-05
gRNA_emb_812,2.4670541129748645e-05
gRNA_emb_268,2.4053977268457566e-05
gRNA_emb_815,2.3852362298899606e-05
gRNA_emb_1078,2.3808595248856444e-05
gRNA_emb_291,2.366193278548813e-05
gRNA_emb_1164,2.3437209421563488e-05
gRNA_emb_1086,2.3404390953907738e-05
gRNA_emb_3,2.3213568741175604e-05
gRNA_emb_823,2.320673402977697e-05
gRNA_emb_1251,2.2955173837848972e-05
gRNA_emb_374,2.2826415061628318e-05
gRNA_emb_944,2.2570298773244686e-05
gRNA_emb_529,2.255435730842794e-05
gRNA_emb_1031,2.225894526687182e-05
gRNA_emb_1147,2.1831183145601554e-05
gRNA_emb_420,2.177600216778717e-05
gRNA_emb_1053,2.1759302520862246e-05
gRNA_emb_923,2.1733810224567532e-05
gRNA_emb_1253,2.1701756928962527e-05
gRNA_emb_733,2.163671985910916e-05
gRNA_emb_471,2.1204644338586876e-05
gRNA_emb_681,2.1146491206576852e-05
gRNA_emb_244,2.1006661207770118e-05
gRNA_emb_1225,2.098133645997134e-05
gRNA_emb_882,2.0746268567548023e-05
gRNA_emb_1035,2.074504037316832e-05
gRNA_emb_542,2.0612158379679416e-05
gRNA_emb_705,2.060675111360643e-05
gRNA_emb_368,2.059669653281981e-05
gRNA_emb_685,2.0456900986634145e-05
gRNA_emb_256,2.0246858348901405e-05
gRNA_emb_369,1.9932178222296213e-05
gRNA_emb_949,1.9687403663041032e-05
gRNA_emb_919,1.963527299489718e-05
gRNA_emb_755,1.9588629963767044e-05
gRNA_emb_187,1.921170007649079e-05
gRNA_emb_1084,1.916658071723011e-05
gRNA_emb_294,1.9083009121868544e-05
gRNA_emb_82,1.896839499956768e-05
gRNA_emb_583,1.883570716083082e-05
gRNA_emb_1083,1.882414237697876e-05
gRNA_emb_906,1.863552897478183e-05
gRNA_emb_391,1.8634633124476475e-05
gRNA_emb_329,1.8456014424579072e-05
gRNA_emb_133,1.842097133077318e-05
gRNA_emb_1279,1.8402249203558042e-05
gRNA_emb_1046,1.831435079581603e-05
gRNA_emb_373,1.8311672550850946e-05
gRNA_emb_738,1.8303944657573757e-05
gRNA_emb_394,1.7957046736531015e-05
gRNA_emb_658,1.7927626931493664e-05
gRNA_emb_250,1.7850614454254266e-05
gRNA_emb_1219,1.7677507063831946e-05
gRNA_emb_1235,1.759407770387012e-05
gRNA_emb_769,1.7568330593731544e-05
gRNA_emb_454,1.7481937681498932e-05
gRNA_emb_304,1.72044395675051e-05
gRNA_emb_615,1.7066911781520886e-05
gRNA_emb_1094,1.6940123110813658e-05
gRNA_emb_1141,1.6874835572269285e-05
gRNA_emb_932,1.6841844994271152e-05
gRNA_emb_992,1.668539581804179e-05
gRNA_emb_941,1.667552646274442e-05
gRNA_emb_1168,1.6450276196727083e-05
gRNA_emb_1207,1.6442545859744307e-05
gRNA_emb_461,1.6416711839928013e-05
gRNA_emb_780,1.6216193423096647e-05
gRNA_emb_224,1.6164052540697565e-05
gRNA_emb_1087,1.6144915366502072e-05
gRNA_emb_433,1.6128938323000447e-05
gRNA_emb_259,1.6103428727851975e-05
gRNA_emb_1246,1.6000314878766943e-05
gRNA_emb_985,1.5949898411143896e-05
gRNA_emb_679,1.582046057844926e-05
gRNA_emb_545,1.581970350140252e-05
gRNA_emb_1037,1.5803531956047216e-05
gRNA_emb_1067,1.5735828187743002e-05
gRNA_emb_670,1.5531323332053268e-05
gRNA_emb_157,1.5517086345678495e-05
gRNA_emb_516,1.5409757719590435e-05
gRNA_emb_982,1.535553107220224e-05
gRNA_emb_585,1.5285583698761854e-05
gRNA_emb_1268,1.5279758994367065e-05
gRNA_emb_1226,1.5163479234215629e-05
gRNA_emb_687,1.51279180315857e-05
gRNA_emb_1256,1.5026011713698564e-05
gRNA_emb_781,1.4941200920137788e-05
gRNA_emb_271,1.4747351453924999e-05
gRNA_emb_388,1.4638341052901404e-05
gRNA_emb_290,1.4487279580986772e-05
gRNA_emb_50,1.4471094181587724e-05
gRNA_emb_90,1.4353361797675301e-05
gRNA_emb_1065,1.4303413653615621e-05
gRNA_emb_153,1.4146426651703621e-05
gRNA_emb_1032,1.4054282949849507e-05
gRNA_emb_731,1.3995740433244403e-05
gRNA_emb_457,1.3747716812835253e-05
gRNA_emb_607,1.3610477020230721e-05
gRNA_emb_704,1.3596428320944527e-05
computed_tm_c,1.3563398384169656e-05
gRNA_emb_1071,1.3542040074468272e-05
gRNA_emb_1003,1.3431392435865358e-05
gRNA_emb_643,1.3376091606362595e-05
gRNA_emb_1247,1.336806918597236e-05
gRNA_emb_1271,1.3294631555590545e-05
gRNA_emb_715,1.305262088308703e-05
gRNA_emb_414,1.2948436966340478e-05
gRNA_emb_948,1.288752096127975e-05
gRNA_emb_552,1.2781293713333184e-05
gRNA_emb_219,1.2737491660569862e-05
gRNA_emb_1048,1.2692694454052797e-05
gRNA_emb_306,1.2575088867153005e-05
gRNA_emb_1113,1.2506964529825392e-05
gRNA_emb_509,1.2388696388236733e-05
gRNA_emb_452,1.2269271937147988e-05
gRNA_emb_981,1.2147620026767419e-05
gRNA_emb_587,1.1954127494488087e-05
gRNA_emb_785,1.1949224782644862e-05
gRNA_emb_1171,1.1885277243465636e-05
gRNA_emb_107,1.184831249666382e-05
gRNA_emb_1175,1.1570286761469054e-05
gRNA_emb_655,1.1529583866681051e-05
gRNA_emb_867,1.1325821546706674e-05
gRNA_emb_740,1.1296151634102349e-05
gRNA_emb_872,1.1282726309444306e-05
gRNA_emb_101,1.1226893748950887e-05
gRNA_emb_354,1.120484086079174e-05
gRNA_emb_1250,1.103138496866607e-05
gRNA_emb_942,1.0988444039516105e-05
gRNA_emb_1183,1.0987256592502154e-05
gRNA_emb_345,1.0934206620744476e-05
gRNA_emb_307,1.0812020161459037e-05
gRNA_emb_1242,1.0676742919664243e-05
gRNA_emb_915,1.0664491306923286e-05
gRNA_emb_1008,1.0608837095350033e-05
gRNA_emb_577,1.060740716908543e-05
gRNA_emb_660,1.0577056286116453e-05
gRNA_emb_610,1.0518168925982921e-05
gRNA_emb_311,1.0439537577620297e-05
gRNA_emb_367,1.0259540875647245e-05
gRNA_emb_390,1.0156523027323224e-05
gRNA_emb_278,1.0140092046806063e-05
gRNA_emb_143,9.893997021304838e-06
gRNA_emb_511,9.883746408255087e-06
gRNA_emb_770,9.85049931257052e-06
gRNA_emb_1142,9.849363155487283e-06
gRNA_emb_323,9.791804136912065e-06
gRNA_emb_1231,9.740386726916995e-06
gRNA_emb_862,9.688909066889371e-06
gRNA_emb_331,9.493290749087274e-06
gRNA_emb_936,9.460467342924485e-06
gRNA_emb_649,9.355161686260044e-06
gRNA_emb_1267,9.330033645539128e-06
gRNA_emb_744,9.328035554149137e-06
computed_gc_content,9.285616610132082e-06
gRNA_emb_851,9.244298322123792e-06
gRNA_emb_894,9.241932135698891e-06
gRNA_emb_1254,9.160166512944374e-06
gRNA_emb_119,9.132718205545463e-06
gRNA_emb_573,8.952166219159066e-06
gRNA_emb_1166,8.949218396210378e-06
gRNA_emb_697,8.92904951836731e-06
gRNA_emb_682,8.909027855799243e-06
gRNA_emb_346,8.908146155814727e-06
gRNA_emb_466,8.905691423578726e-06
gRNA_emb_1019,8.896717485657435e-06
gRNA_emb_555,8.83158650594238e-06
gRNA_emb_624,8.785340219659765e-06
gRNA_emb_487,8.687750993877167e-06
gRNA_emb_591,8.68137394879913e-06
gRNA_emb_305,8.628537855614435e-06
gRNA_emb_772,8.559478215549446e-06
gRNA_emb_989,8.467448180427073e-06
gRNA_emb_792,8.465186977350503e-06
gRNA_emb_1232,8.450477682110718e-06
gRNA_emb_686,8.413571149829597e-06
gRNA_emb_1075,8.395760099832998e-06
gRNA_emb_784,8.38213725375545e-06
gRNA_emb_1176,8.328653275226614e-06
gRNA_emb_1104,8.230423349997452e-06
gRNA_emb_289,8.224320713246016e-06
gRNA_emb_831,8.204570925552938e-06
gRNA_emb_475,8.20182991881582e-06
gRNA_emb_92,8.192741098954259e-06
gRNA_emb_821,8.186107815529209e-06
gRNA_emb_1066,8.184012560502072e-06
gRNA_emb_997,8.03472153077865e-06
gRNA_emb_849,7.928516431479533e-06
gRNA_emb_396,7.8452796196173e-06
gRNA_emb_223,7.814200878215466e-06
gRNA_emb_382,7.766813048531924e-06
gRNA_emb_202,7.719434447992406e-06
gRNA_emb_1052,7.511294406856025e-06
gRNA_emb_1082,7.4308254630263146e-06
gRNA_emb_1154,7.374900332471142e-06
gRNA_emb_1186,7.290184558860306e-06
gRNA_emb_1040,7.174700996910606e-06
gRNA_emb_659,7.085562272632067e-06
gRNA_emb_234,7.083500851028404e-06
gRNA_emb_541,7.013951395855455e-06
gRNA_emb_320,6.894100414383176e-06
gRNA_emb_428,6.877384389572295e-06
gRNA_emb_1098,6.864138002037999e-06
gRNA_emb_444,6.8640845014871825e-06
gRNA_emb_130,6.721334394580794e-06
gRNA_emb_622,6.677189660165599e-06
gRNA_emb_549,6.5939991393851605e-06
gRNA_emb_175,6.500853036244321e-06
gRNA_emb_1044,6.495707678969886e-06
gRNA_emb_69,6.423016316770357e-06
gRNA_emb_500,6.22835451188754e-06
gRNA_emb_779,6.182236015008734e-06
gRNA_emb_1248,6.000369067579287e-06
gRNA_emb_1233,5.9084728706215e-06
gRNA_emb_1105,5.8722572364503504e-06
gRNA_emb_665,5.8468464264522785e-06
gRNA_emb_830,5.812863571401405e-06
gRNA_emb_423,5.797009917376928e-06
gRNA_emb_860,5.742946700963897e-06
gRNA_emb_626,5.72860849288348e-06
gRNA_emb_300,5.701485755166139e-06
gRNA_emb_954,5.642884941547587e-06
gRNA_emb_1050,5.6184558212502705e-06
gRNA_emb_776,5.470817864667631e-06
gRNA_emb_1192,5.314408125071773e-06
gRNA_emb_933,5.308320289588499e-06
gRNA_emb_425,5.27749059789955e-06
gRNA_emb_1137,5.147161490397029e-06
gRNA_emb_1095,5.128415814796122e-06
gRNA_emb_479,5.0960722336325055e-06
gRNA_emb_1156,4.9426151009755465e-06
gRNA_emb_676,4.838931407497367e-06
gRNA_emb_749,4.580569427693864e-06
gRNA_emb_150,4.513147247139236e-06
gRNA_emb_593,4.485166839551295e-06
gRNA_emb_530,4.475794865153931e-06
gRNA_emb_1252,4.386631009703462e-06
gRNA_emb_584,4.244967849153972e-06
gRNA_emb_775,4.137414568817871e-06
gRNA_emb_1135,4.118916049810088e-06
gRNA_emb_267,4.075154162804496e-06
gRNA_emb_1088,4.0010840957800895e-06
gRNA_emb_47,3.906910413066651e-06
gRNA_emb_598,3.845571282245298e-06
gRNA_emb_1089,3.812659137514402e-06
gRNA_emb_308,3.795486839283836e-06
gRNA_emb_1060,3.6236858726589587e-06
gRNA_emb_900,3.5204810907017408e-06
gRNA_emb_1085,3.487704331091347e-06
gRNA_emb_1174,3.4745427640576953e-06
gRNA_emb_833,3.4406402117815577e-06
gRNA_emb_1275,3.3146922908575476e-06
gRNA_emb_871,3.2793301892091797e-06
gRNA_emb_477,3.267736588580183e-06
gRNA_emb_1200,3.21180462567781e-06
gRNA_emb_1136,3.2001335341441374e-06
gRNA_emb_756,3.1490190371084623e-06
gRNA_emb_803,3.0836571334193305e-06
gRNA_emb_206,3.0478393562761835e-06
gRNA_emb_485,3.0053894356968235e-06
gRNA_emb_1029,2.9945452845976747e-06
gRNA_emb_1079,2.8952155213021876e-06
gRNA_emb_701,2.8183711051939207e-06
gRNA_emb_1155,2.7245568705453983e-06
gRNA_emb_1047,2.7168917353306867e-06
gRNA_emb_1195,2.497566744962005e-06
gRNA_emb_505,2.315728533466594e-06
gRNA_emb_314,2.2729667278727067e-06
gRNA_emb_971,2.245422224896327e-06
gRNA_emb_843,1.9017731458824523e-06
gRNA_emb_1116,1.785987213891126e-06
gRNA_emb_910,1.5581749212773513e-06
gRNA_emb_836,1.548302417604167e-06
gRNA_emb_1110,1.5194229780621207e-06
gRNA_emb_218,1.4621787157357575e-06
gRNA_emb_1139,1.4424900941128866e-06
%_Surviving_Cells,1.4038106075015158e-06
gRNA_emb_525,1.2200055597433596e-06
gRNA_emb_265,1.0146399842140907e-06
gRNA_emb_840,9.88998012380685e-07
gRNA_emb_335,9.35138346135605e-07
gRNA_emb_407,8.356062509104092e-07
gRNA_emb_269,7.548641939290569e-07
gRNA_emb_171,6.877683407495004e-07
gRNA_emb_863,5.777579584177975e-07
gRNA_emb_1133,5.437673918846096e-07
gRNA_emb_1143,5.413670235567027e-07
gRNA_emb_1237,4.411373142109728e-07
gRNA_emb_1206,3.811222699970624e-07
gRNA_emb_880,3.341209015254984e-07
gRNA_emb_255,3.0279227482799876e-07
gRNA_emb_845,1.150478587457989e-07
gRNA_emb_938,2.9627525065650982e-08
gRNA_emb_918,6.172601131554998e-09
gRNA_emb_1007,4.18993554655289e-09
gRNA_emb_1004,0.0
gRNA_emb_1124,0.0
gRNA_emb_551,0.0
gRNA_emb_783,0.0
gRNA_emb_627,0.0
gRNA_emb_450,0.0
gRNA_emb_1217,0.0
